Date,HomeTeam,AwayTeam,FTHG,FTAG,HTHG,HTAG,FTR,HS,AS,HST,AST,HC,AC,HF,AF,league,HxG,AxG,Hdeep,Adeep,Hppda_coef,Appda_coef,AVGH,AVGD,AVGA,season,ranking_HT_ls,ranking_AT_ls
2014-08-22,Bayern Munich,Wolfsburg,2,1,1,0,H,17,9,10,4,9,3,5,9,Bundesliga,2.57012,1.19842,5,4,9.625,21.85,1.26,6.37,11.5,2014/2015,1,5
2014-08-23,Dortmund,Leverkusen,0,2,0,1,A,11,11,4,2,8,4,13,28,Bundesliga,0.482324,1.14915,2,5,3.333333333333333,5.8,1.62,4.23,5.39,2014/2015,2,4
2014-08-23,Ein Frankfurt,Freiburg,1,0,1,0,H,10,13,3,7,6,5,17,22,Bundesliga,1.75331,1.38084,3,13,10.517241379310343,3.4651162790697674,2.06,3.46,3.76,2014/2015,13,14
2014-08-23,FC Koln,Hamburg,0,0,0,0,D,10,19,3,4,3,6,23,16,Bundesliga,0.522276,0.913337,4,2,13.08,7.068965517241379,2.04,3.59,3.67,2014/2015,-1,16
2014-08-23,Hannover,Schalke 04,2,1,0,0,H,8,12,3,5,2,4,12,15,Bundesliga,1.17979,0.956665,4,3,9.642857142857142,6.055555555555555,3.11,3.44,2.34,2014/2015,10,3
2014-08-23,Hertha,Werder Bremen,2,2,1,0,D,19,9,5,5,9,5,17,18,Bundesliga,1.75585,1.19453,3,5,5.685714285714286,9.869565217391305,1.97,3.54,3.95,2014/2015,11,12
2014-08-23,Hoffenheim,Augsburg,2,0,2,0,H,10,12,3,2,7,3,19,15,Bundesliga,1.52873,0.280777,6,2,6.588235294117647,5.739130434782608,1.96,3.67,3.84,2014/2015,9,8
2014-08-24,M'gladbach,Stuttgart,1,1,0,0,D,19,7,6,3,6,3,8,16,Bundesliga,2.40939,0.433199,7,3,14.105263157894736,14.5,1.95,3.58,3.99,2014/2015,6,15
2014-08-24,Paderborn,Mainz,2,2,1,1,D,10,14,3,4,4,3,16,14,Bundesliga,0.35254,1.84123,5,7,7.275,8.15,3.09,3.36,2.38,2014/2015,-2,7
2014-08-29,Augsburg,Dortmund,2,3,0,2,A,12,22,3,9,3,6,9,12,Bundesliga,1.00422,2.30342,2,8,9.041666666666666,13.814814814814817,4.75,3.86,1.73,2014/2015,8,2
2014-08-30,Hamburg,Paderborn,0,3,0,1,A,13,15,4,7,8,3,16,16,Bundesliga,1.14049,2.37004,5,2,3.8285714285714287,9.82857142857143,1.73,3.83,4.84,2014/2015,16,-2
2014-08-30,Leverkusen,Hertha,4,2,0,1,H,21,3,7,1,5,6,11,20,Bundesliga,2.53036,0.712547,8,3,3.9565217391304346,9.375,1.44,4.74,6.91,2014/2015,4,11
2014-08-30,Schalke 04,Bayern Munich,1,1,0,1,D,8,10,4,4,1,3,15,15,Bundesliga,1.30795,1.50328,1,10,17.695652173913043,4.7560975609756095,6.33,4.67,1.49,2014/2015,3,1
2014-08-30,Stuttgart,FC Koln,0,2,0,2,A,14,10,5,4,7,4,11,11,Bundesliga,0.722885,1.2983,9,4,6.296296296296297,26.0,2.01,3.54,3.84,2014/2015,15,-1
2014-08-30,Werder Bremen,Hoffenheim,1,1,0,1,D,15,12,1,1,6,6,20,13,Bundesliga,2.51429,1.29948,5,2,4.888888888888889,4.585365853658536,3.21,3.61,2.19,2014/2015,12,9
2014-08-30,Wolfsburg,Ein Frankfurt,2,2,1,1,D,14,9,11,4,4,3,19,11,Bundesliga,1.00484,1.59633,4,2,4.971428571428572,12.75,1.63,4.24,5.16,2014/2015,5,13
2014-08-31,Freiburg,M'gladbach,0,0,0,0,D,17,9,4,3,4,5,11,13,Bundesliga,1.30113,0.321709,7,1,10.869565217391305,19.0,2.96,3.44,2.4,2014/2015,14,6
2014-08-31,Mainz,Hannover,0,0,0,0,D,14,11,2,6,4,2,12,14,Bundesliga,1.0088,0.561787,7,7,11.294117647058824,10.12,2.2,3.45,3.33,2014/2015,7,10
2014-09-12,Leverkusen,Werder Bremen,3,3,1,1,D,26,8,9,5,6,4,14,20,Bundesliga,1.98321,1.72618,13,4,4.066666666666666,7.0,1.34,5.37,8.95,2014/2015,4,12
2014-09-13,Bayern Munich,Stuttgart,2,0,1,0,H,14,7,8,0,2,4,16,18,Bundesliga,1.22987,0.310166,13,3,5.0606060606060606,16.96153846153846,1.17,7.86,17.12,2014/2015,1,15
2014-09-13,Dortmund,Freiburg,3,1,2,0,H,15,4,6,3,3,5,10,14,Bundesliga,1.71642,0.261915,9,1,13.117647058823527,18.695652173913043,1.28,5.88,11.02,2014/2015,2,14
2014-09-13,Hertha,Mainz,1,3,0,1,A,17,7,3,6,4,1,21,20,Bundesliga,1.71631,2.36643,3,6,4.243902439024391,7.954545454545454,2.27,3.33,3.31,2014/2015,11,7
2014-09-13,Hoffenheim,Wolfsburg,1,1,0,0,D,15,22,6,5,4,7,17,17,Bundesliga,1.15845,1.63553,10,6,6.307692307692308,12.2,2.43,3.51,2.88,2014/2015,9,5
2014-09-13,M'gladbach,Schalke 04,4,1,1,0,H,23,11,9,6,8,2,15,13,Bundesliga,3.37955,1.81788,13,8,12.071428571428571,12.909090909090908,2.41,3.4,2.99,2014/2015,6,3
2014-09-13,Paderborn,FC Koln,0,0,0,0,D,8,4,4,1,5,1,13,18,Bundesliga,0.327136,0.386458,7,5,13.4,6.96969696969697,3.02,3.26,2.46,2014/2015,-2,-1
2014-09-14,Ein Frankfurt,Augsburg,0,1,0,0,A,14,17,5,7,5,6,14,21,Bundesliga,0.845902,1.00028,4,3,6.086956521739131,6.121212121212121,2.28,3.38,3.24,2014/2015,13,8
2014-09-14,Hannover,Hamburg,2,0,2,0,H,11,11,4,0,4,2,18,16,Bundesliga,2.22631,0.976735,9,9,5.081081081081081,6.228571428571429,2.2,3.48,3.32,2014/2015,10,16
2014-09-19,Freiburg,Hertha,2,2,1,1,D,15,7,5,2,7,6,16,26,Bundesliga,0.869782,0.285542,11,0,8.296296296296296,10.26086956521739,2.57,3.33,2.85,2014/2015,14,11
2014-09-20,Augsburg,Werder Bremen,4,2,2,1,H,19,13,7,6,6,5,13,20,Bundesliga,2.91201,2.02462,11,4,4.67741935483871,6.875,1.88,3.74,4.12,2014/2015,8,12
2014-09-20,Hamburg,Bayern Munich,0,0,0,0,D,4,15,0,3,3,9,22,11,Bundesliga,0.203118,1.03519,2,6,9.4468085106383,4.423076923076923,10.95,5.81,1.28,2014/2015,16,1
2014-09-20,Mainz,Dortmund,2,0,0,0,H,8,20,5,4,1,7,17,18,Bundesliga,0.974914,2.10376,4,8,9.333333333333334,5.0,5.39,4.17,1.62,2014/2015,7,2
2014-09-20,Paderborn,Hannover,2,0,0,0,H,17,14,4,2,7,5,11,13,Bundesliga,2.05175,0.550873,4,7,12.55,7.947368421052632,2.87,3.34,2.5,2014/2015,-2,10
2014-09-20,Schalke 04,Ein Frankfurt,2,2,1,2,D,8,15,3,4,1,3,15,15,Bundesliga,1.78008,0.83546,4,2,9.521739130434783,16.35,1.77,3.77,4.73,2014/2015,3,13
2014-09-20,Stuttgart,Hoffenheim,0,2,0,1,A,17,10,2,4,9,4,17,21,Bundesliga,1.32987,1.15033,9,5,3.647058823529412,10.387096774193548,2.59,3.38,2.76,2014/2015,15,9
2014-09-21,FC Koln,M'gladbach,0,0,0,0,D,10,9,7,1,4,3,15,13,Bundesliga,0.551855,0.772177,2,5,22.6,7.566666666666666,2.88,3.3,2.53,2014/2015,-1,6
2014-09-21,Wolfsburg,Leverkusen,4,1,2,1,H,17,12,9,1,8,3,9,12,Bundesliga,1.55879,0.616799,7,3,4.903225806451613,11.516129032258064,2.82,3.49,2.48,2014/2015,5,4
2014-09-23,Bayern Munich,Paderborn,4,0,2,0,H,25,6,9,2,9,3,8,7,Bundesliga,3.48286,0.402844,23,2,4.25,44.8,1.12,9.33,24.1,2014/2015,1,-2
2014-09-23,Ein Frankfurt,Mainz,2,2,1,2,D,16,5,8,5,9,3,16,24,Bundesliga,1.45137,1.09799,11,4,9.307692307692308,7.84375,2.35,3.37,3.08,2014/2015,13,7
2014-09-23,Hoffenheim,Freiburg,3,3,1,2,D,18,6,8,4,4,3,20,14,Bundesliga,1.81502,2.44871,5,3,4.228571428571429,11.26086956521739,1.68,3.94,5.18,2014/2015,9,14
2014-09-23,Werder Bremen,Schalke 04,0,3,0,0,A,12,11,4,4,6,5,17,15,Bundesliga,0.992105,1.36741,5,6,8.357142857142858,6.833333333333333,2.83,3.56,2.44,2014/2015,12,3
2014-09-24,Dortmund,Stuttgart,2,2,0,0,D,25,10,9,5,5,4,11,10,Bundesliga,2.13683,1.48044,14,5,8.863636363636363,22.235294117647054,1.36,5.08,8.55,2014/2015,2,15
2014-09-24,Hannover,FC Koln,1,0,1,0,H,9,9,4,3,2,6,9,11,Bundesliga,0.408032,0.695122,3,5,19.63157894736842,11.136363636363637,2.25,3.37,3.29,2014/2015,10,-1
2014-09-24,Hertha,Wolfsburg,1,0,1,0,H,3,13,3,3,6,5,15,10,Bundesliga,0.428365,0.855691,2,4,12.48,2.967741935483871,3.16,3.45,2.29,2014/2015,11,5
2014-09-24,Leverkusen,Augsburg,1,0,1,0,H,17,11,3,4,6,7,13,13,Bundesliga,1.65235,0.571159,6,4,6.125,5.571428571428571,1.58,4.3,5.64,2014/2015,4,8
2014-09-24,M'gladbach,Hamburg,1,0,1,0,H,20,14,9,1,9,9,19,17,Bundesliga,2.38906,0.560569,4,2,7.533333333333333,10.35,1.72,3.88,4.92,2014/2015,6,16
2014-09-26,Mainz,Hoffenheim,0,0,0,0,D,10,13,3,3,5,4,13,25,Bundesliga,0.614332,1.08667,5,2,9.142857142857142,11.448275862068966,2.4,3.5,2.9,2014/2015,7,9
2014-09-27,FC Koln,Bayern Munich,0,2,0,1,A,8,21,3,8,2,11,6,6,Bundesliga,0.821798,3.46966,0,27,44.09090909090909,5.44,8.86,4.9,1.38,2014/2015,-1,1
2014-09-27,Freiburg,Leverkusen,0,0,0,0,D,8,16,3,8,5,3,21,24,Bundesliga,0.722358,1.17679,2,5,6.636363636363637,7.896551724137931,4.34,3.71,1.83,2014/2015,14,4
2014-09-27,Paderborn,M'gladbach,1,2,0,2,A,24,11,8,4,9,0,9,18,Bundesliga,1.5747,1.43504,8,5,11.0,10.95,3.45,3.46,2.15,2014/2015,-2,6
2014-09-27,Schalke 04,Dortmund,2,1,2,1,H,11,17,6,5,3,9,15,15,Bundesliga,1.07746,0.662005,2,7,8.925925925925926,4.777777777777778,3.5,3.61,2.06,2014/2015,3,2
2014-09-27,Stuttgart,Hannover,1,0,0,0,H,12,12,6,4,8,1,16,16,Bundesliga,0.826395,0.853246,5,5,8.242424242424242,15.857142857142858,2.04,3.52,3.61,2014/2015,15,10
2014-09-27,Wolfsburg,Werder Bremen,2,1,1,1,H,18,8,8,3,8,5,11,12,Bundesliga,1.24302,0.32535,5,5,4.560975609756097,10.866666666666667,1.52,4.36,6.1,2014/2015,5,12
2014-09-28,Augsburg,Hertha,1,0,1,0,H,8,10,3,3,3,9,18,20,Bundesliga,1.25743,0.283655,3,1,3.9166666666666665,7.166666666666667,2.05,3.47,3.7,2014/2015,8,11
2014-09-28,Hamburg,Ein Frankfurt,1,2,0,1,A,14,7,6,4,8,3,21,18,Bundesliga,1.09327,0.232889,6,2,3.931034482758621,8.2,2.18,3.49,3.32,2014/2015,16,13
2014-10-03,Hertha,Stuttgart,3,2,1,1,H,12,9,9,2,3,7,18,15,Bundesliga,2.36582,1.42919,5,8,13.227272727272728,5.933333333333334,2.27,3.46,3.21,2014/2015,11,15
2014-10-04,Bayern Munich,Hannover,4,0,3,0,H,23,6,9,3,11,1,4,11,Bundesliga,2.69879,0.443178,14,5,11.0,52.375,1.14,8.5,20.58,2014/2015,1,10
2014-10-04,Dortmund,Hamburg,0,1,0,1,A,17,10,3,5,8,4,10,19,Bundesliga,1.20017,1.42953,7,4,4.142857142857143,7.333333333333333,1.37,5.14,8.65,2014/2015,2,16
2014-10-04,Ein Frankfurt,FC Koln,3,2,1,1,H,19,12,8,7,6,2,10,15,Bundesliga,2.49948,1.12408,5,4,13.565217391304348,12.84,2.38,3.26,3.17,2014/2015,13,-1
2014-10-04,Hoffenheim,Schalke 04,2,1,2,0,H,20,13,8,3,5,3,18,16,Bundesliga,3.2287,0.847395,9,7,9.421052631578949,11.27777777777778,2.3,3.58,3.0,2014/2015,9,3
2014-10-04,Leverkusen,Paderborn,2,2,1,1,D,21,8,10,5,9,2,25,18,Bundesliga,1.60118,1.12552,11,1,2.7551020408163267,7.352941176470588,1.35,5.16,8.98,2014/2015,4,-2
2014-10-04,Werder Bremen,Freiburg,1,1,1,1,D,18,7,7,3,10,5,13,14,Bundesliga,1.21503,1.03746,12,7,5.642857142857143,9.176470588235292,2.39,3.37,3.02,2014/2015,12,14
2014-10-05,M'gladbach,Mainz,1,1,1,1,D,18,8,10,2,2,3,12,12,Bundesliga,1.66132,1.10201,13,3,6.441176470588236,18.5,1.88,3.59,4.24,2014/2015,6,7
2014-10-05,Wolfsburg,Augsburg,1,0,0,0,H,15,7,4,1,4,1,15,13,Bundesliga,0.684001,0.666035,4,5,9.833333333333334,9.535714285714286,1.77,3.74,4.7,2014/2015,5,8
2014-10-18,Bayern Munich,Werder Bremen,6,0,4,0,H,19,0,6,0,10,0,10,12,Bundesliga,2.49826,0.0,16,0,3.633333333333333,28.8,1.11,10.68,23.5,2014/2015,1,12
2014-10-18,FC Koln,Dortmund,2,1,1,0,H,5,16,2,3,3,6,11,14,Bundesliga,0.904346,0.825853,1,11,13.321428571428571,6.72,5.59,3.94,1.64,2014/2015,-1,2
2014-10-18,Freiburg,Wolfsburg,1,2,0,1,A,14,15,7,8,6,2,11,18,Bundesliga,1.00939,1.45969,11,2,6.529411764705882,8.428571428571429,3.65,3.47,2.04,2014/2015,14,5
2014-10-18,Hannover,M'gladbach,0,3,0,1,A,11,10,4,4,7,2,15,16,Bundesliga,0.558311,1.61826,7,4,11.478260869565217,10.357142857142858,3.17,3.38,2.29,2014/2015,10,6
2014-10-18,Mainz,Augsburg,2,1,2,0,H,8,15,6,6,4,6,15,14,Bundesliga,1.06245,1.03873,6,8,9.4,11.0,2.39,3.3,3.12,2014/2015,7,8
2014-10-18,Schalke 04,Hertha,2,0,1,0,H,7,15,3,4,0,5,21,21,Bundesliga,0.80457,0.848507,5,4,10.916666666666666,7.6923076923076925,1.73,3.83,4.87,2014/2015,3,11
2014-10-18,Stuttgart,Leverkusen,3,3,0,3,D,13,17,6,6,6,7,14,19,Bundesliga,1.30466,1.86824,3,4,5.451612903225806,8.363636363636363,3.52,3.5,2.09,2014/2015,15,4
2014-10-19,Hamburg,Hoffenheim,1,1,1,1,D,17,9,6,4,5,2,16,24,Bundesliga,1.82378,1.55868,6,3,5.178571428571429,7.9714285714285715,2.53,3.38,2.78,2014/2015,16,9
2014-10-19,Paderborn,Ein Frankfurt,3,1,0,0,H,14,11,5,3,3,4,10,13,Bundesliga,2.37575,0.558647,7,6,9.785714285714286,8.678571428571429,2.58,3.36,2.75,2014/2015,-2,13
2014-10-24,Werder Bremen,FC Koln,0,1,0,0,A,11,10,4,4,8,1,19,12,Bundesliga,0.514564,0.519282,4,2,4.416666666666667,11.521739130434783,2.64,3.42,2.66,2014/2015,12,-1
2014-10-25,Augsburg,Freiburg,2,0,1,0,H,15,10,4,3,2,5,17,13,Bundesliga,2.2412,0.909372,6,2,9.548387096774194,13.833333333333334,1.88,3.59,4.28,2014/2015,8,14
2014-10-25,Dortmund,Hannover,0,1,0,0,A,17,7,4,3,14,1,13,18,Bundesliga,1.61946,0.695852,10,2,8.608695652173912,8.04,1.24,6.55,12.21,2014/2015,2,10
2014-10-25,Ein Frankfurt,Stuttgart,4,5,1,2,A,21,20,13,10,3,9,17,18,Bundesliga,2.97969,3.13433,9,5,6.962962962962963,7.1,2.33,3.51,2.99,2014/2015,13,15
2014-10-25,Hertha,Hamburg,3,0,0,0,H,15,10,6,3,4,1,15,21,Bundesliga,2.51297,0.784655,6,5,8.413793103448276,3.0,2.27,3.38,3.26,2014/2015,11,16
2014-10-25,Hoffenheim,Paderborn,1,0,0,0,H,19,11,5,1,6,4,14,15,Bundesliga,1.5035,0.673226,6,4,5.1,12.36842105263158,1.64,4.21,5.12,2014/2015,9,-2
2014-10-25,Leverkusen,Schalke 04,1,0,0,0,H,24,4,7,1,8,3,8,17,Bundesliga,0.837202,0.145365,11,2,8.115384615384615,9.857142857142858,1.73,4.09,4.54,2014/2015,4,3
2014-10-26,M'gladbach,Bayern Munich,0,0,0,0,D,11,20,5,5,4,10,8,11,Bundesliga,0.648384,1.2047,7,5,26.857142857142858,6.3,7.96,4.74,1.42,2014/2015,6,1
2014-10-26,Wolfsburg,Mainz,3,0,1,0,H,24,16,12,4,10,3,16,15,Bundesliga,4.06466,1.6222,8,4,6.735294117647059,6.024390243902439,1.68,3.9,5.21,2014/2015,5,7
2014-10-31,Schalke 04,Augsburg,1,0,1,0,H,13,20,7,5,4,2,10,16,Bundesliga,1.71186,0.688487,4,2,13.047619047619047,4.7560975609756095,1.94,3.62,3.88,2014/2015,3,8
2014-11-01,Bayern Munich,Dortmund,2,1,0,1,H,25,10,14,4,9,2,13,5,Bundesliga,2.64367,0.942884,11,3,6.193548387096774,13.4,1.48,4.53,6.51,2014/2015,1,2
2014-11-01,Hamburg,Leverkusen,1,0,1,0,H,5,11,1,2,1,3,29,25,Bundesliga,1.33863,0.426376,2,2,3.75,3.4,3.56,3.58,2.05,2014/2015,16,4
2014-11-01,Hannover,Ein Frankfurt,1,0,0,0,H,14,6,3,4,10,4,13,20,Bundesliga,1.11725,0.353128,5,5,6.5,12.26923076923077,2.29,3.51,3.08,2014/2015,10,13
2014-11-01,Mainz,Werder Bremen,1,2,1,1,A,21,9,3,7,8,1,17,15,Bundesliga,1.19297,1.65943,9,2,4.241379310344827,9.071428571428571,1.81,3.86,4.33,2014/2015,7,12
2014-11-01,Stuttgart,Wolfsburg,0,4,0,2,A,13,15,4,6,4,6,13,11,Bundesliga,0.924949,2.69946,4,8,7.46875,19.9375,3.26,3.48,2.19,2014/2015,15,5
2014-11-02,FC Koln,Freiburg,0,1,0,0,A,10,8,3,3,5,2,5,12,Bundesliga,0.375065,1.46003,8,7,8.137931034482758,28.928571428571427,1.92,3.55,4.12,2014/2015,-1,14
2014-11-02,M'gladbach,Hoffenheim,3,1,2,1,H,13,15,7,3,6,3,15,12,Bundesliga,2.46276,0.646539,10,5,10.0625,8.225806451612904,2.0,3.62,3.72,2014/2015,6,9
2014-11-02,Paderborn,Hertha,3,1,1,1,H,18,10,6,4,6,1,14,27,Bundesliga,1.96835,0.925677,3,0,8.952380952380953,4.315789473684211,2.61,3.42,2.72,2014/2015,-2,11
2014-11-07,Hertha,Hannover,0,2,0,1,A,7,12,1,5,4,7,24,22,Bundesliga,0.363993,1.09164,3,4,7.55,4.166666666666667,2.08,3.44,3.61,2014/2015,11,10
2014-11-08,Augsburg,Paderborn,3,0,1,0,H,11,16,4,3,3,6,16,13,Bundesliga,1.66135,0.968616,2,5,9.083333333333334,18.8,1.79,3.73,4.66,2014/2015,8,-2
2014-11-08,Ein Frankfurt,Bayern Munich,0,4,0,1,A,6,19,2,9,4,8,21,15,Bundesliga,0.222447,3.03467,1,13,8.326530612244898,6.12,13.54,6.76,1.21,2014/2015,13,1
2014-11-08,Freiburg,Schalke 04,2,0,1,0,H,19,11,9,4,3,1,13,13,Bundesliga,1.62257,0.526997,4,5,17.791666666666668,10.714285714285714,2.74,3.41,2.58,2014/2015,14,3
2014-11-08,Hoffenheim,FC Koln,3,4,3,3,A,22,11,6,7,7,4,15,12,Bundesliga,1.19994,1.30702,11,2,5.730769230769231,24.066666666666663,1.84,3.71,4.35,2014/2015,9,-1
2014-11-08,Leverkusen,Mainz,0,0,0,0,D,24,6,6,1,13,0,17,20,Bundesliga,2.07319,0.293271,11,2,8.863636363636363,5.166666666666667,1.52,4.39,6.29,2014/2015,4,7
2014-11-08,Werder Bremen,Stuttgart,2,0,1,0,H,12,8,4,1,4,4,13,13,Bundesliga,0.645076,0.774005,6,3,13.62962962962963,5.5,2.62,3.46,2.64,2014/2015,12,15
2014-11-09,Dortmund,M'gladbach,1,0,0,0,H,22,1,6,0,7,0,7,11,Bundesliga,2.28053,0.0335359,10,0,9.93939393939394,14.95,1.61,4.2,5.41,2014/2015,2,6
2014-11-09,Wolfsburg,Hamburg,2,0,1,0,H,13,10,5,2,2,1,12,14,Bundesliga,1.95442,0.488693,4,3,11.681818181818182,8.709677419354838,1.62,4.12,5.46,2014/2015,5,16
2014-11-22,Bayern Munich,Hoffenheim,4,0,2,0,H,17,11,9,5,9,5,16,17,Bundesliga,2.08656,1.38014,12,6,5.88,9.0,1.16,8.26,16.35,2014/2015,1,9
2014-11-22,FC Koln,Hertha,1,2,0,1,A,12,10,2,6,3,5,11,14,Bundesliga,1.12625,0.473541,3,2,7.84,11.533333333333331,2.19,3.28,3.49,2014/2015,-1,11
2014-11-22,Hannover,Leverkusen,1,3,0,0,A,10,20,5,4,2,3,16,16,Bundesliga,0.780087,2.36608,4,9,4.6923076923076925,4.142857142857143,3.92,3.53,1.96,2014/2015,10,4
2014-11-22,Mainz,Freiburg,2,2,1,1,D,11,10,2,3,9,3,15,13,Bundesliga,1.79109,0.691191,3,1,6.172413793103448,24.2,2.18,3.37,3.46,2014/2015,7,14
2014-11-22,M'gladbach,Ein Frankfurt,1,3,1,0,A,9,25,3,13,8,11,10,16,Bundesliga,0.595484,1.73996,11,10,11.764705882352942,9.375,1.41,4.87,7.47,2014/2015,6,13
2014-11-22,Paderborn,Dortmund,2,2,0,2,D,8,13,4,5,1,6,15,11,Bundesliga,0.638364,1.92358,1,12,15.5,7.366666666666666,7.16,4.74,1.43,2014/2015,-2,2
2014-11-22,Schalke 04,Wolfsburg,3,2,3,1,H,9,17,6,2,2,7,10,16,Bundesliga,1.12048,1.23361,4,8,15.863636363636363,6.84,3.05,3.4,2.31,2014/2015,3,5
2014-11-23,Hamburg,Werder Bremen,2,0,0,0,H,14,12,5,7,6,5,24,20,Bundesliga,2.60596,1.14769,6,2,4.0,10.357142857142858,1.92,3.63,3.98,2014/2015,16,12
2014-11-23,Stuttgart,Augsburg,0,1,0,0,A,9,17,1,6,6,3,14,23,Bundesliga,0.382848,2.06226,1,5,10.0,5.433333333333334,2.49,3.37,2.86,2014/2015,15,8
2014-11-28,Freiburg,Stuttgart,1,4,1,1,A,16,18,6,9,9,7,12,13,Bundesliga,1.49535,3.36392,11,3,10.61904761904762,12.461538461538462,2.33,3.46,3.04,2014/2015,14,15
2014-11-29,Augsburg,Hamburg,3,1,0,1,H,13,9,8,3,4,4,13,23,Bundesliga,2.79213,1.12309,0,9,5.882352941176471,4.261904761904762,2.03,3.48,3.83,2014/2015,8,16
2014-11-29,Hertha,Bayern Munich,0,1,0,1,A,4,15,1,5,2,3,17,8,Bundesliga,0.25622,1.94047,1,19,20.6,4.269230769230769,16.52,7.0,1.2,2014/2015,11,1
2014-11-29,Hoffenheim,Hannover,4,3,2,1,H,16,13,7,5,5,3,14,28,Bundesliga,1.99562,1.81072,7,7,6.704545454545454,3.3823529411764706,1.72,4.02,4.7,2014/2015,9,10
2014-11-29,Leverkusen,FC Koln,5,1,1,1,H,25,5,10,1,7,3,15,9,Bundesliga,2.37812,0.950144,7,1,4.885714285714286,24.916666666666668,1.53,4.28,6.52,2014/2015,4,-1
2014-11-29,Schalke 04,Mainz,4,1,2,1,H,14,22,9,10,2,5,16,12,Bundesliga,1.55889,2.04969,6,11,12.2,7.555555555555555,1.95,3.6,3.97,2014/2015,3,7
2014-11-29,Werder Bremen,Paderborn,4,0,1,0,H,24,15,13,4,9,6,18,18,Bundesliga,4.47976,0.839366,7,3,5.333333333333333,9.25,2.26,3.45,3.24,2014/2015,12,-2
2014-11-30,Ein Frankfurt,Dortmund,2,0,1,0,H,11,17,3,6,1,8,15,22,Bundesliga,2.21905,0.769829,4,9,8.310344827586206,7.428571428571429,5.11,4.3,1.64,2014/2015,13,2
2014-11-30,Wolfsburg,M'gladbach,1,0,1,0,H,23,10,12,2,9,5,13,12,Bundesliga,1.69265,0.606945,4,3,12.38888888888889,6.451612903225806,1.92,3.69,3.97,2014/2015,5,6
2014-12-05,Dortmund,Hoffenheim,1,0,1,0,H,19,6,6,1,8,3,20,12,Bundesliga,1.58062,0.202706,9,0,5.878048780487805,8.214285714285714,1.51,4.69,5.98,2014/2015,2,9
2014-12-06,Bayern Munich,Leverkusen,1,0,0,0,H,9,3,3,1,8,3,11,26,Bundesliga,0.947473,0.389245,3,1,7.181818181818182,11.71875,1.27,6.13,11.73,2014/2015,1,4
2014-12-06,FC Koln,Augsburg,1,2,1,0,A,12,14,4,4,5,9,10,13,Bundesliga,1.19112,1.35221,4,8,19.19047619047619,7.478260869565218,2.89,3.16,2.63,2014/2015,-1,8
2014-12-06,Hannover,Wolfsburg,1,3,1,1,A,16,15,6,7,11,9,14,18,Bundesliga,1.6788,1.85576,9,3,7.272727272727272,8.777777777777779,3.96,3.59,1.95,2014/2015,10,5
2014-12-06,M'gladbach,Hertha,3,2,1,1,H,13,11,10,3,4,3,17,17,Bundesliga,1.82786,1.42138,6,4,10.782608695652174,13.333333333333334,1.7,3.73,5.4,2014/2015,6,11
2014-12-06,Paderborn,Freiburg,1,1,0,1,D,24,4,8,2,6,1,15,26,Bundesliga,1.38276,0.883469,10,4,5.038461538461538,10.6,2.42,3.36,3.06,2014/2015,-2,14
2014-12-06,Stuttgart,Schalke 04,0,4,0,3,A,13,13,3,6,4,6,14,13,Bundesliga,0.675308,1.6953,7,5,9.6875,13.714285714285714,2.26,3.41,3.26,2014/2015,15,3
2014-12-07,Ein Frankfurt,Werder Bremen,5,2,1,1,H,22,10,13,4,9,2,17,12,Bundesliga,3.8335,1.44207,8,7,4.727272727272728,7.75,2.03,3.61,3.64,2014/2015,13,12
2014-12-07,Hamburg,Mainz,2,1,1,0,H,18,15,8,4,6,6,19,18,Bundesliga,2.03325,1.02472,8,5,5.775,3.2333333333333334,2.1,3.5,3.6,2014/2015,16,7
2014-12-12,Hoffenheim,Ein Frankfurt,3,2,1,0,H,20,19,8,7,4,6,16,19,Bundesliga,3.32968,2.42804,10,12,6.194444444444445,5.793103448275862,1.85,4.09,3.94,2014/2015,9,13
2014-12-13,Augsburg,Bayern Munich,0,4,0,0,A,6,26,3,9,1,7,17,13,Bundesliga,0.286173,2.21868,0,13,14.90625,5.652173913043479,9.95,5.23,1.34,2014/2015,8,1
2014-12-13,Freiburg,Hamburg,0,0,0,0,D,10,10,4,1,4,2,19,9,Bundesliga,1.46439,0.518828,7,4,7.555555555555555,7.444444444444445,2.43,3.33,3.02,2014/2015,14,16
2014-12-13,Hertha,Dortmund,1,0,1,0,H,5,18,3,5,2,9,9,9,Bundesliga,0.764752,0.842366,2,8,27.73333333333333,4.678571428571429,5.47,4.02,1.65,2014/2015,11,2
2014-12-13,Mainz,Stuttgart,1,1,1,0,D,22,8,6,2,4,5,19,15,Bundesliga,1.35199,0.54527,4,1,4.2368421052631575,9.0,2.36,3.42,3.05,2014/2015,7,15
2014-12-13,Schalke 04,FC Koln,1,2,0,0,A,15,6,3,5,2,1,13,7,Bundesliga,1.20569,1.14183,8,2,9.821428571428571,31.53846153846154,1.84,3.66,4.5,2014/2015,3,-1
2014-12-13,Werder Bremen,Hannover,3,3,1,1,D,19,12,7,7,10,10,19,25,Bundesliga,1.84609,1.54036,7,5,8.375,6.115384615384615,2.49,3.4,2.87,2014/2015,12,10
2014-12-14,Leverkusen,M'gladbach,1,1,1,1,D,22,7,5,3,5,6,17,12,Bundesliga,1.01373,1.15522,13,2,6.454545454545454,12.157894736842104,1.71,3.96,4.95,2014/2015,4,6
2014-12-14,Wolfsburg,Paderborn,1,1,1,0,D,21,6,8,3,11,1,15,17,Bundesliga,3.22294,0.996117,7,2,3.9444444444444446,10.371428571428572,1.39,4.99,7.84,2014/2015,5,-2
2014-12-16,Bayern Munich,Freiburg,2,0,1,0,H,31,2,13,0,10,1,5,3,Bundesliga,2.98351,0.0497566,32,1,3.851851851851852,91.8,1.09,11.38,29.5,2014/2015,1,14
2014-12-16,FC Koln,Mainz,0,0,0,0,D,11,13,1,1,9,3,13,14,Bundesliga,0.541438,0.482622,2,3,9.296296296296296,14.789473684210526,2.32,3.33,3.22,2014/2015,-1,7
2014-12-16,Hamburg,Stuttgart,0,1,0,1,A,8,16,2,6,6,5,9,11,Bundesliga,0.436429,1.36453,8,9,5.15625,12.5,2.16,3.41,3.53,2014/2015,16,15
2014-12-16,Hannover,Augsburg,2,0,1,0,H,10,10,3,5,8,5,18,17,Bundesliga,1.33926,0.693534,6,0,8.642857142857142,7.378378378378378,2.41,3.34,3.05,2014/2015,10,8
2014-12-17,Dortmund,Wolfsburg,2,2,1,1,D,17,10,6,4,4,5,12,10,Bundesliga,1.30339,1.38959,7,8,11.914285714285716,6.807692307692308,1.89,3.74,4.07,2014/2015,2,5
2014-12-17,Ein Frankfurt,Hertha,4,4,1,3,D,16,8,7,5,5,4,14,19,Bundesliga,2.73817,2.04957,11,1,2.2432432432432434,11.466666666666669,2.1,3.48,3.56,2014/2015,13,11
2014-12-17,Hoffenheim,Leverkusen,0,1,0,0,A,9,18,7,9,1,10,16,19,Bundesliga,0.443131,2.17898,4,13,4.333333333333333,3.931034482758621,3.3,3.57,2.19,2014/2015,9,4
2014-12-17,M'gladbach,Werder Bremen,4,1,2,0,H,9,9,6,4,2,1,13,18,Bundesliga,2.06898,0.308689,8,7,9.379310344827584,20.045454545454547,1.46,4.64,6.92,2014/2015,6,12
2014-12-17,Paderborn,Schalke 04,1,2,1,1,A,21,16,4,8,5,7,9,22,Bundesliga,1.41446,1.14959,11,3,7.071428571428571,8.043478260869565,2.8,3.39,2.54,2014/2015,-2,3
2014-12-19,Mainz,Bayern Munich,1,2,1,1,A,5,12,3,5,4,10,16,17,Bundesliga,0.490212,0.831278,1,7,18.90909090909091,4.2105263157894735,15.15,6.97,1.21,2014/2015,7,1
2014-12-20,Augsburg,M'gladbach,2,1,1,1,H,18,14,6,7,4,7,15,11,Bundesliga,1.65561,2.17588,7,11,15.85,13.523809523809524,2.59,3.33,2.84,2014/2015,8,6
2014-12-20,Leverkusen,Ein Frankfurt,1,1,0,1,D,16,9,3,5,4,1,18,20,Bundesliga,0.861769,1.45883,6,4,3.864864864864865,5.892857142857143,1.45,4.73,7.02,2014/2015,4,13
2014-12-20,Schalke 04,Hamburg,0,0,0,0,D,17,15,8,6,6,4,11,15,Bundesliga,1.52587,1.3688,2,2,7.34375,11.653846153846152,1.82,3.61,4.59,2014/2015,3,16
2014-12-20,Stuttgart,Paderborn,0,0,0,0,D,11,17,3,5,5,5,16,20,Bundesliga,0.772123,0.933283,2,4,9.814814814814817,4.0285714285714285,1.88,3.75,4.11,2014/2015,15,-2
2014-12-20,Werder Bremen,Dortmund,2,1,1,0,H,12,14,3,5,2,6,12,9,Bundesliga,2.36795,0.602289,6,7,13.208333333333334,4.896551724137931,6.05,4.24,1.55,2014/2015,12,2
2014-12-20,Wolfsburg,FC Koln,2,1,1,1,H,14,10,3,4,4,4,5,9,Bundesliga,0.527607,0.401914,5,3,7.68,17.541666666666668,1.51,4.26,7.08,2014/2015,5,-1
2014-12-21,Freiburg,Hannover,2,2,1,0,D,11,17,6,8,6,5,12,14,Bundesliga,1.28555,1.52484,4,10,9.548387096774194,5.555555555555555,2.5,3.38,2.88,2014/2015,14,10
2014-12-21,Hertha,Hoffenheim,0,5,0,3,A,8,15,1,8,2,9,17,17,Bundesliga,0.706377,3.62858,6,7,6.727272727272728,4.868421052631579,2.56,3.4,2.8,2014/2015,11,9
2015-01-30,Wolfsburg,Bayern Munich,4,1,2,0,H,13,16,6,7,1,5,13,15,Bundesliga,2.18248,1.91633,3,12,13.8,4.878787878787879,6.61,4.5,1.5,2014/2015,5,1
2015-01-31,Freiburg,Ein Frankfurt,4,1,0,1,H,15,12,8,6,3,5,11,14,Bundesliga,3.19272,1.11886,12,10,11.1875,6.205882352941177,2.68,3.46,2.66,2014/2015,14,13
2015-01-31,Hamburg,FC Koln,0,2,0,0,A,10,15,3,6,3,3,17,11,Bundesliga,0.601293,1.16042,5,9,12.826086956521738,13.333333333333334,2.25,3.26,3.47,2014/2015,16,-1
2015-01-31,Leverkusen,Dortmund,0,0,0,0,D,7,10,3,2,4,3,20,17,Bundesliga,0.341818,0.451401,6,0,2.41025641025641,5.487804878048781,2.48,3.4,2.91,2014/2015,4,2
2015-01-31,Mainz,Paderborn,5,0,1,0,H,21,10,8,2,9,4,14,17,Bundesliga,2.8788,0.717538,7,4,8.0,8.482758620689655,2.05,3.5,3.74,2014/2015,7,-2
2015-01-31,Schalke 04,Hannover,1,0,1,0,H,15,13,5,1,5,7,15,15,Bundesliga,1.99671,0.91702,10,11,16.26086956521739,7.545454545454546,2.02,3.54,3.82,2014/2015,3,10
2015-01-31,Stuttgart,M'gladbach,0,1,0,0,A,12,10,1,2,4,8,13,13,Bundesliga,1.61352,1.27392,6,7,16.75,15.5,2.95,3.4,2.47,2014/2015,15,6
2015-02-01,Augsburg,Hoffenheim,3,1,2,1,H,15,13,7,5,4,7,20,28,Bundesliga,2.39464,0.609254,2,10,4.958333333333333,8.416666666666666,2.41,3.34,3.04,2014/2015,8,9
2015-02-01,Werder Bremen,Hertha,2,0,1,0,H,19,3,8,0,6,3,16,26,Bundesliga,0.839904,0.0990819,7,2,4.409090909090909,6.928571428571429,2.39,3.38,3.06,2014/2015,12,11
2015-02-03,Bayern Munich,Schalke 04,1,1,0,0,D,10,8,2,5,5,1,13,19,Bundesliga,0.376661,0.994575,5,1,9.954545454545457,12.666666666666666,1.14,8.95,19.22,2014/2015,1,3
2015-02-03,Ein Frankfurt,Wolfsburg,1,1,0,0,D,12,9,4,2,1,6,20,16,Bundesliga,0.948078,1.8612,6,7,6.243902439024391,8.363636363636363,3.88,4.06,1.87,2014/2015,13,5
2015-02-03,Hannover,Mainz,1,1,1,0,D,9,17,5,7,7,4,15,15,Bundesliga,1.7109,1.19042,8,8,12.55,16.047619047619047,2.28,3.44,3.2,2014/2015,10,7
2015-02-03,M'gladbach,Freiburg,1,0,1,0,H,11,15,6,5,4,4,15,14,Bundesliga,1.28927,0.884382,5,9,15.615384615384617,9.714285714285714,1.56,4.28,6.1,2014/2015,6,14
2015-02-04,Dortmund,Augsburg,0,1,0,0,A,15,8,6,3,4,1,12,11,Bundesliga,0.943193,1.04603,16,2,8.787878787878787,10.608695652173912,1.45,4.44,7.94,2014/2015,2,8
2015-02-04,FC Koln,Stuttgart,0,0,0,0,D,5,7,0,4,2,4,10,10,Bundesliga,0.310801,0.621159,5,2,16.043478260869566,12.64,2.26,3.37,3.35,2014/2015,-1,15
2015-02-04,Hertha,Leverkusen,0,1,0,0,A,2,9,0,3,4,2,14,16,Bundesliga,0.531751,1.06863,0,3,7.666666666666667,6.517241379310345,5.37,3.76,1.71,2014/2015,11,4
2015-02-04,Hoffenheim,Werder Bremen,1,2,1,1,A,13,10,5,6,7,1,13,30,Bundesliga,1.33156,0.576349,8,5,3.892857142857143,8.054054054054054,1.71,4.18,4.69,2014/2015,9,12
2015-02-04,Paderborn,Hamburg,0,3,0,1,A,13,12,3,4,5,5,11,18,Bundesliga,0.81246,2.21275,8,5,4.5,9.84375,2.53,3.37,2.9,2014/2015,-2,16
2015-02-06,Schalke 04,M'gladbach,1,0,1,0,H,10,8,4,1,5,3,17,15,Bundesliga,1.03139,0.331344,2,3,11.292682926829269,6.0,2.62,3.36,2.78,2014/2015,3,6
2015-02-07,FC Koln,Paderborn,0,0,0,0,D,17,9,5,3,9,4,13,15,Bundesliga,1.03792,0.58064,5,1,6.931034482758621,12.0,1.95,3.46,4.22,2014/2015,-1,-2
2015-02-07,Freiburg,Dortmund,0,3,0,1,A,7,22,1,12,3,5,11,12,Bundesliga,0.159475,2.1517,6,11,6.0,5.255813953488372,5.68,4.06,1.62,2014/2015,14,2
2015-02-07,Hamburg,Hannover,2,1,1,0,H,6,21,3,7,3,10,21,11,Bundesliga,0.674771,2.24545,2,7,10.945945945945946,6.315789473684211,2.32,3.32,3.24,2014/2015,16,10
2015-02-07,Mainz,Hertha,0,2,0,2,A,12,11,4,3,4,2,15,15,Bundesliga,1.5201,1.77083,9,2,7.045454545454546,15.523809523809524,1.92,3.58,4.24,2014/2015,7,11
2015-02-07,Stuttgart,Bayern Munich,0,2,0,1,A,4,8,0,4,4,1,26,21,Bundesliga,0.132112,0.0975022,1,1,25.90909090909091,4.166666666666667,14.62,6.6,1.22,2014/2015,15,1
2015-02-07,Wolfsburg,Hoffenheim,3,0,2,0,H,9,16,5,4,2,4,20,16,Bundesliga,1.37453,1.39639,4,6,6.461538461538462,7.925,1.6,4.29,5.52,2014/2015,5,9
2015-02-08,Augsburg,Ein Frankfurt,2,2,2,1,D,11,16,6,5,3,3,20,20,Bundesliga,1.76193,2.01179,5,6,7.275862068965517,4.594594594594595,1.95,3.72,3.84,2014/2015,8,13
2015-02-08,Werder Bremen,Leverkusen,2,1,2,1,H,7,13,4,2,4,7,14,16,Bundesliga,0.885549,1.74921,3,17,6.741935483870968,3.1875,4.31,3.67,1.88,2014/2015,12,4
2015-02-13,Dortmund,Mainz,4,2,0,1,H,21,6,10,3,7,3,15,13,Bundesliga,2.74589,0.691415,8,2,7.303030303030303,22.071428571428573,1.33,5.46,9.71,2014/2015,2,7
2015-02-14,Bayern Munich,Hamburg,8,0,3,0,H,25,7,14,2,3,0,3,16,Bundesliga,4.17851,0.230619,11,0,7.458333333333333,25.545454545454547,1.1,10.89,32.4,2014/2015,1,16
2015-02-14,Ein Frankfurt,Schalke 04,1,0,0,0,H,8,8,2,6,5,7,21,12,Bundesliga,1.11898,1.09914,7,3,8.592592592592593,8.724137931034482,2.3,3.56,3.04,2014/2015,13,3
2015-02-14,Hoffenheim,Stuttgart,2,1,1,1,H,21,7,6,3,10,2,24,21,Bundesliga,1.20262,0.1911,6,0,5.416666666666667,4.909090909090909,1.98,3.64,3.86,2014/2015,9,15
2015-02-14,Leverkusen,Wolfsburg,4,5,0,3,A,15,13,7,9,5,1,23,12,Bundesliga,1.98748,2.08631,7,4,4.893617021276596,5.92,2.39,3.45,3.01,2014/2015,4,5
2015-02-14,M'gladbach,FC Koln,1,0,0,0,H,19,14,8,1,10,1,10,12,Bundesliga,0.795179,0.390044,8,2,7.529411764705882,32.642857142857146,1.75,3.63,5.2,2014/2015,6,-1
2015-02-14,Werder Bremen,Augsburg,3,2,3,1,H,19,16,9,4,5,10,21,15,Bundesliga,2.62945,0.585109,8,1,5.7317073170731705,5.8,2.62,3.37,2.76,2014/2015,12,8
2015-02-15,Hannover,Paderborn,1,2,0,0,A,10,11,2,5,7,1,16,12,Bundesliga,0.858803,0.98493,6,1,5.925925925925926,16.958333333333332,1.85,3.68,4.41,2014/2015,10,-2
2015-02-15,Hertha,Freiburg,0,2,0,1,A,11,8,6,3,2,1,20,15,Bundesliga,0.491416,0.927697,3,2,4.948717948717949,10.807692307692308,2.18,3.38,3.53,2014/2015,11,14
2015-02-20,Stuttgart,Dortmund,2,3,1,2,A,7,13,2,9,2,5,13,12,Bundesliga,1.55893,1.56399,1,6,14.695652173913045,6.975,5.92,4.02,1.61,2014/2015,15,2
2015-02-21,Augsburg,Leverkusen,2,2,0,1,D,16,18,7,12,5,4,13,16,Bundesliga,1.92692,1.93428,10,8,3.4871794871794872,6.869565217391305,3.25,3.35,2.3,2014/2015,8,4
2015-02-21,FC Koln,Hannover,1,1,1,1,D,16,7,7,5,3,5,13,20,Bundesliga,1.54226,0.979608,5,2,12.296296296296296,7.346153846153846,2.37,3.22,3.27,2014/2015,-1,10
2015-02-21,Freiburg,Hoffenheim,1,1,1,1,D,10,14,5,5,4,1,20,22,Bundesliga,0.600548,0.565627,2,6,11.166666666666666,12.916666666666666,3.24,3.46,2.26,2014/2015,14,9
2015-02-21,Mainz,Ein Frankfurt,3,1,1,1,H,13,8,6,1,6,1,14,18,Bundesliga,1.29637,0.851176,5,8,13.764705882352942,5.114285714285714,2.38,3.46,3.02,2014/2015,7,13
2015-02-21,Paderborn,Bayern Munich,0,6,0,2,A,13,17,3,9,4,4,10,13,Bundesliga,0.380499,3.12815,1,15,33.53333333333333,4.181818181818182,19.82,7.35,1.18,2014/2015,-2,1
2015-02-21,Schalke 04,Werder Bremen,1,1,0,0,D,24,14,5,4,7,1,13,12,Bundesliga,1.19124,1.38186,6,4,5.5,6.107142857142857,2.04,3.67,3.61,2014/2015,3,12
2015-02-22,Hamburg,M'gladbach,1,1,0,0,D,13,12,3,2,4,5,14,11,Bundesliga,1.04376,0.657812,8,8,16.047619047619047,10.434782608695652,3.2,3.35,2.33,2014/2015,16,6
2015-02-22,Wolfsburg,Hertha,2,1,1,1,H,17,3,5,2,6,3,10,14,Bundesliga,1.77626,0.563215,6,1,9.476190476190476,19.2,1.33,5.34,9.7,2014/2015,5,11
2015-02-27,Bayern Munich,FC Koln,4,1,2,1,H,23,9,9,4,14,5,5,11,Bundesliga,3.92268,0.494166,19,1,6.111111111111111,44.3,1.11,9.8,26.38,2014/2015,1,-1
2015-02-28,Dortmund,Schalke 04,3,0,0,0,H,31,3,13,0,9,5,13,13,Bundesliga,4.81308,0.0386148,14,1,5.15625,20.875,1.5,4.35,7.0,2014/2015,2,3
2015-02-28,Ein Frankfurt,Hamburg,2,1,1,1,H,19,9,6,5,4,3,18,27,Bundesliga,2.21323,1.43145,7,1,4.885714285714286,9.19047619047619,2.01,3.6,3.74,2014/2015,13,16
2015-02-28,Hannover,Stuttgart,1,1,0,0,D,16,9,5,1,8,4,20,16,Bundesliga,1.5399,0.742277,3,2,4.764705882352941,8.26923076923077,2.2,3.4,3.43,2014/2015,10,15
2015-02-28,Hertha,Augsburg,1,0,0,0,H,9,11,4,3,4,5,22,17,Bundesliga,1.26944,0.663246,4,2,11.875,8.647058823529411,2.92,3.3,2.55,2014/2015,11,8
2015-02-28,Hoffenheim,Mainz,2,0,0,0,H,16,19,5,4,6,9,12,12,Bundesliga,2.25024,2.16818,7,7,9.173913043478262,8.96551724137931,2.01,3.6,3.78,2014/2015,9,7
2015-02-28,Leverkusen,Freiburg,1,0,1,0,H,11,3,4,2,3,2,15,13,Bundesliga,0.57152,0.271169,8,3,6.2926829268292686,12.454545454545457,1.36,4.96,9.28,2014/2015,4,14
2015-03-01,M'gladbach,Paderborn,2,0,1,0,H,19,17,7,3,10,8,8,15,Bundesliga,1.43897,0.746314,9,2,12.142857142857142,13.347826086956522,1.6,4.01,6.2,2014/2015,6,-2
2015-03-01,Werder Bremen,Wolfsburg,3,5,3,2,A,10,13,5,6,6,3,21,15,Bundesliga,1.44281,2.5513,5,8,7.756756756756757,7.761904761904762,3.64,3.72,1.98,2014/2015,12,5
2015-03-06,Stuttgart,Hertha,0,0,0,0,D,14,7,3,2,8,2,16,14,Bundesliga,1.07906,0.682492,3,3,2.473684210526316,14.846153846153848,2.1,3.36,3.74,2014/2015,15,11
2015-03-07,Augsburg,Wolfsburg,1,0,0,0,H,12,10,6,2,4,5,10,14,Bundesliga,1.44291,0.390951,0,1,8.363636363636363,8.173913043478262,3.4,3.49,2.18,2014/2015,8,5
2015-03-07,Freiburg,Werder Bremen,0,1,0,1,A,14,16,5,4,6,5,16,20,Bundesliga,0.430875,0.649704,11,6,5.136363636363637,4.617647058823529,2.61,3.38,2.76,2014/2015,14,12
2015-03-07,Hamburg,Dortmund,0,0,0,0,D,4,12,2,2,1,7,23,12,Bundesliga,0.735406,0.505015,2,7,10.73076923076923,2.7096774193548385,6.63,4.16,1.55,2014/2015,16,2
2015-03-07,Hannover,Bayern Munich,1,3,1,1,A,4,13,1,3,2,3,12,7,Bundesliga,0.205925,1.33559,0,3,40.45454545454545,4.095238095238095,13.54,6.36,1.24,2014/2015,10,1
2015-03-07,Mainz,M'gladbach,2,2,0,1,D,23,6,7,3,7,4,6,12,Bundesliga,1.21471,1.44907,5,3,10.285714285714286,7.92,2.68,3.26,2.77,2014/2015,7,6
2015-03-07,Schalke 04,Hoffenheim,3,1,2,0,H,14,18,5,7,3,4,15,19,Bundesliga,2.12473,1.9462,8,7,4.868421052631579,7.128205128205129,2.33,3.38,3.16,2014/2015,3,9
2015-03-08,FC Koln,Ein Frankfurt,4,2,1,0,H,9,12,6,5,4,10,18,15,Bundesliga,1.74567,1.89213,3,9,9.666666666666666,4.576923076923077,2.46,3.31,2.98,2014/2015,-1,13
2015-03-08,Paderborn,Leverkusen,0,3,0,0,A,9,11,2,6,9,8,15,17,Bundesliga,0.755297,1.17926,6,10,9.48,2.851063829787234,5.22,3.8,1.72,2014/2015,-2,4
2015-03-13,Leverkusen,Stuttgart,4,0,2,0,H,11,9,5,5,3,4,25,8,Bundesliga,1.59835,1.03528,4,3,4.222222222222222,8.423076923076923,1.45,4.49,7.81,2014/2015,4,15
2015-03-14,Augsburg,Mainz,0,2,0,1,A,13,12,2,7,4,2,23,13,Bundesliga,0.94984,1.62842,4,6,3.425,9.161290322580646,1.99,3.51,4.02,2014/2015,8,7
2015-03-14,Dortmund,FC Koln,0,0,0,0,D,10,7,5,2,5,2,14,8,Bundesliga,0.5365,0.938097,10,4,5.290322580645161,43.55555555555556,1.35,5.03,10.02,2014/2015,2,-1
2015-03-14,Ein Frankfurt,Paderborn,4,0,2,0,H,11,8,6,3,9,3,13,24,Bundesliga,1.726,0.634028,3,1,5.0,12.5,1.74,3.93,4.8,2014/2015,13,-2
2015-03-14,Hertha,Schalke 04,2,2,1,1,D,13,12,6,6,3,5,18,16,Bundesliga,1.64453,1.99192,3,4,12.833333333333334,4.333333333333333,2.85,3.24,2.63,2014/2015,11,3
2015-03-14,Hoffenheim,Hamburg,3,0,1,0,H,20,10,7,2,9,6,19,18,Bundesliga,2.66878,0.438761,11,3,3.6486486486486487,15.05,1.75,3.82,4.85,2014/2015,9,16
2015-03-14,Werder Bremen,Bayern Munich,0,4,0,2,A,6,13,3,7,3,3,20,16,Bundesliga,0.290321,2.18396,3,10,12.294117647058824,4.727272727272728,9.64,5.64,1.31,2014/2015,12,1
2015-03-15,M'gladbach,Hannover,2,0,1,0,H,23,7,8,1,2,5,14,15,Bundesliga,3.30586,0.395038,12,3,8.058823529411764,15.08,1.75,3.72,5.04,2014/2015,6,10
2015-03-15,Wolfsburg,Freiburg,3,0,1,0,H,25,16,8,5,5,5,9,14,Bundesliga,2.68949,1.21009,14,11,10.458333333333334,11.695652173913045,1.36,5.21,8.52,2014/2015,5,14
2015-03-20,Hamburg,Hertha,0,1,0,0,A,13,9,4,3,4,6,21,21,Bundesliga,0.482112,0.7084,6,3,4.088235294117647,8.363636363636363,2.38,3.2,3.27,2014/2015,16,11
2015-03-21,FC Koln,Werder Bremen,1,1,0,1,D,14,11,2,6,8,6,14,22,Bundesliga,1.76655,0.570166,8,4,6.095238095238095,6.833333333333333,2.25,3.38,3.32,2014/2015,-1,12
2015-03-21,Freiburg,Augsburg,2,0,0,0,H,15,17,8,6,4,6,16,12,Bundesliga,2.10189,1.10909,15,2,9.52,5.205882352941177,3.0,3.36,2.45,2014/2015,14,8
2015-03-21,Hannover,Dortmund,2,3,1,1,A,15,13,5,6,8,4,13,21,Bundesliga,0.927629,2.31429,4,10,8.0,9.166666666666666,5.2,4.06,1.66,2014/2015,10,2
2015-03-21,Paderborn,Hoffenheim,0,0,0,0,D,15,8,7,2,9,4,19,19,Bundesliga,1.07174,0.267507,7,3,7.138888888888889,6.78125,3.68,3.67,2.02,2014/2015,-2,9
2015-03-21,Schalke 04,Leverkusen,0,1,0,1,A,13,16,5,7,4,9,17,17,Bundesliga,1.79663,1.3174,5,7,5.678571428571429,7.135135135135135,3.03,3.49,2.36,2014/2015,3,4
2015-03-21,Stuttgart,Ein Frankfurt,3,1,0,0,H,9,11,5,5,2,9,17,11,Bundesliga,2.22419,1.35468,8,5,5.473684210526316,6.130434782608695,2.46,3.53,2.85,2014/2015,15,13
2015-03-22,Bayern Munich,M'gladbach,0,2,0,1,A,16,4,8,4,4,2,15,9,Bundesliga,0.70739,0.604102,13,3,7.181818181818182,47.3,1.19,7.34,16.5,2014/2015,1,6
2015-03-22,Mainz,Wolfsburg,1,1,1,0,D,22,8,1,3,8,4,11,17,Bundesliga,1.02675,0.811129,10,2,15.0,4.411764705882353,3.26,3.65,2.18,2014/2015,7,5
2015-04-04,Dortmund,Bayern Munich,0,1,0,1,A,15,7,2,2,2,1,16,19,Bundesliga,0.51879,0.759126,8,3,6.875,7.617647058823529,3.4,3.52,2.17,2014/2015,2,1
2015-04-04,Ein Frankfurt,Hannover,2,2,1,0,D,13,15,7,6,4,9,17,24,Bundesliga,1.03699,1.33074,4,7,13.434782608695652,4.0,2.02,3.72,3.62,2014/2015,13,10
2015-04-04,Freiburg,FC Koln,1,0,1,0,H,11,19,4,6,5,7,8,16,Bundesliga,0.504147,0.844825,7,15,12.130434782608695,8.208333333333334,2.69,3.19,2.81,2014/2015,14,-1
2015-04-04,Hoffenheim,M'gladbach,1,4,1,3,A,22,12,6,7,5,3,14,9,Bundesliga,2.32046,3.20249,7,6,9.76595744680851,12.842105263157896,2.71,3.46,2.63,2014/2015,9,6
2015-04-04,Leverkusen,Hamburg,4,0,2,0,H,25,4,9,1,7,2,10,17,Bundesliga,3.81979,0.35348,9,2,5.575,10.0,1.36,4.94,9.49,2014/2015,4,16
2015-04-04,Werder Bremen,Mainz,0,0,0,0,D,15,15,5,3,3,2,23,16,Bundesliga,0.718931,0.92075,2,7,5.486486486486487,8.578947368421053,2.47,3.42,2.89,2014/2015,12,7
2015-04-04,Wolfsburg,Stuttgart,3,1,1,1,H,23,13,9,5,8,7,14,16,Bundesliga,3.74206,1.92469,5,1,8.588235294117647,11.333333333333334,1.46,4.81,6.98,2014/2015,5,15
2015-04-05,Augsburg,Schalke 04,0,0,0,0,D,21,18,3,3,4,4,22,23,Bundesliga,0.927284,0.933294,4,7,4.75,5.166666666666667,2.47,3.36,2.97,2014/2015,8,3
2015-04-05,Hertha,Paderborn,2,0,0,0,H,13,8,5,2,3,2,18,19,Bundesliga,1.84498,0.563136,4,3,8.454545454545455,11.75,1.99,3.43,4.08,2014/2015,11,-2
2015-04-10,Hannover,Hertha,1,1,0,0,D,11,9,5,3,10,2,18,10,Bundesliga,1.67956,0.358149,2,6,7.85,11.846153846153848,2.0,3.36,4.13,2014/2015,10,11
2015-04-11,Bayern Munich,Ein Frankfurt,3,0,1,0,H,19,4,10,1,3,0,14,18,Bundesliga,2.15165,0.243596,19,1,8.78125,21.545454545454547,1.2,7.22,15.4,2014/2015,1,13
2015-04-11,Hamburg,Wolfsburg,0,2,0,1,A,5,15,0,8,3,5,17,10,Bundesliga,0.141435,2.16383,0,2,7.413793103448276,6.742857142857143,4.49,3.84,1.8,2014/2015,16,5
2015-04-11,Mainz,Leverkusen,2,3,0,1,A,8,9,2,5,4,2,17,22,Bundesliga,2.21349,0.970257,3,5,3.806451612903226,7.275,3.36,3.44,2.21,2014/2015,7,4
2015-04-11,M'gladbach,Dortmund,3,1,2,0,H,12,17,7,3,6,6,10,6,Bundesliga,2.08503,0.699622,5,8,19.3125,12.275862068965518,2.9,3.37,2.49,2014/2015,6,2
2015-04-11,Paderborn,Augsburg,2,1,0,0,H,14,16,4,5,6,7,14,21,Bundesliga,2.35597,0.637449,11,6,8.46875,3.25,3.23,3.32,2.35,2014/2015,-2,8
2015-04-11,Schalke 04,Freiburg,0,0,0,0,D,21,10,6,3,8,6,15,20,Bundesliga,1.06643,1.26863,9,6,5.041666666666667,8.75,1.71,3.74,5.4,2014/2015,3,14
2015-04-12,FC Koln,Hoffenheim,3,2,1,0,H,18,24,6,8,3,3,15,21,Bundesliga,2.55523,2.32029,5,6,13.956521739130435,6.608695652173913,2.46,3.33,2.99,2014/2015,-1,9
2015-04-12,Stuttgart,Werder Bremen,3,2,1,0,H,15,12,3,3,9,3,13,14,Bundesliga,2.35291,0.448325,6,6,7.25,7.631578947368421,2.17,3.51,3.36,2014/2015,15,12
2015-04-17,Ein Frankfurt,M'gladbach,0,0,0,0,D,17,11,5,4,8,5,17,13,Bundesliga,1.45853,1.06606,6,6,8.435897435897436,12.5,4.09,3.88,1.87,2014/2015,13,6
2015-04-18,Augsburg,Stuttgart,2,1,1,1,H,12,16,4,7,2,6,21,16,Bundesliga,1.14401,2.41152,4,4,9.36842105263158,17.0,2.23,3.42,3.36,2014/2015,8,15
2015-04-18,Dortmund,Paderborn,3,0,0,0,H,21,2,8,0,5,3,14,7,Bundesliga,3.20767,0.123904,14,2,6.625,10.185185185185183,1.26,6.13,12.7,2014/2015,2,-2
2015-04-18,Freiburg,Mainz,2,3,0,2,A,25,12,10,5,10,5,15,9,Bundesliga,1.28235,2.30496,11,5,5.142857142857143,10.76,2.84,3.29,2.61,2014/2015,14,7
2015-04-18,Hertha,FC Koln,0,0,0,0,D,10,7,4,2,8,11,9,14,Bundesliga,1.06799,0.54042,8,3,17.047619047619047,23.23076923076923,2.58,3.08,3.09,2014/2015,11,-1
2015-04-18,Hoffenheim,Bayern Munich,0,2,0,1,A,8,20,1,5,1,10,16,21,Bundesliga,0.668652,1.52453,3,14,15.153846153846152,4.888888888888889,5.33,4.25,1.63,2014/2015,9,1
2015-04-18,Leverkusen,Hannover,4,0,2,0,H,25,5,10,1,11,0,14,23,Bundesliga,2.60733,0.326006,5,0,6.36,8.0,1.36,5.16,8.97,2014/2015,4,10
2015-04-19,Werder Bremen,Hamburg,1,0,0,0,H,11,8,5,2,3,0,12,22,Bundesliga,1.3478,0.433841,3,4,4.212121212121212,6.28125,2.01,3.58,3.79,2014/2015,12,16
2015-04-19,Wolfsburg,Schalke 04,1,1,0,0,D,26,7,9,2,7,1,17,19,Bundesliga,1.08185,0.285232,6,1,11.421052631578949,11.285714285714286,1.74,3.84,4.89,2014/2015,5,3
2015-04-24,Mainz,Schalke 04,2,0,2,0,H,11,18,3,2,4,6,10,11,Bundesliga,1.53987,1.25458,5,6,10.615384615384617,7.064516129032258,2.46,3.42,2.9,2014/2015,7,3
2015-04-25,Bayern Munich,Hertha,1,0,0,0,H,16,8,7,3,5,2,13,7,Bundesliga,0.896545,0.951998,8,2,3.625,20.0,1.16,7.85,19.95,2014/2015,1,11
2015-04-25,Dortmund,Ein Frankfurt,2,0,2,0,H,12,11,4,0,2,2,22,12,Bundesliga,2.47437,0.372545,9,2,10.969696969696969,7.6923076923076925,1.33,5.4,9.65,2014/2015,2,13
2015-04-25,FC Koln,Leverkusen,1,1,0,0,D,14,9,4,5,5,4,14,16,Bundesliga,1.30026,1.19204,7,3,7.678571428571429,6.133333333333334,5.04,3.76,1.75,2014/2015,-1,4
2015-04-25,Hamburg,Augsburg,3,2,2,1,H,15,14,8,3,2,4,15,20,Bundesliga,1.7695,1.44372,5,3,12.074074074074074,5.888888888888889,2.73,3.32,2.7,2014/2015,16,8
2015-04-25,Hannover,Hoffenheim,1,2,1,1,A,12,13,5,4,2,6,24,19,Bundesliga,1.30305,1.26477,8,5,8.631578947368421,5.074074074074074,2.45,3.48,2.91,2014/2015,10,9
2015-04-25,Stuttgart,Freiburg,2,2,2,0,D,11,14,3,7,4,6,17,16,Bundesliga,1.20966,2.04706,4,9,7.0,6.166666666666667,1.94,3.54,4.13,2014/2015,15,14
2015-04-26,M'gladbach,Wolfsburg,1,0,0,0,H,19,9,5,0,4,5,9,14,Bundesliga,1.65493,0.422562,8,1,10.434782608695652,15.307692307692308,2.34,3.44,3.09,2014/2015,6,5
2015-04-26,Paderborn,Werder Bremen,2,2,2,1,D,20,13,8,6,14,6,22,28,Bundesliga,1.96537,0.959164,3,6,8.1,3.7586206896551726,2.69,3.43,2.65,2014/2015,-2,12
2015-05-02,Augsburg,FC Koln,0,0,0,0,D,16,6,3,1,8,5,11,16,Bundesliga,1.43037,0.292827,6,1,9.047619047619047,20.55555555555556,2.15,3.36,3.58,2014/2015,8,-1
2015-05-02,Freiburg,Paderborn,1,2,1,0,A,15,14,5,6,8,6,10,13,Bundesliga,1.70774,1.3154,10,4,7.578947368421052,12.625,1.97,3.55,4.01,2014/2015,14,-2
2015-05-02,Hoffenheim,Dortmund,1,1,1,1,D,15,11,4,3,8,5,15,19,Bundesliga,1.6206,1.17707,6,6,5.023255813953488,9.478260869565217,4.12,3.95,1.85,2014/2015,9,2
2015-05-02,Leverkusen,Bayern Munich,2,0,0,0,H,20,9,8,5,12,4,26,15,Bundesliga,1.12021,1.20915,8,1,5.061538461538461,4.875,2.36,3.4,3.12,2014/2015,4,1
2015-05-02,Schalke 04,Stuttgart,3,2,1,1,H,20,15,6,7,5,4,14,14,Bundesliga,2.46865,1.13594,12,2,6.695652173913044,13.791666666666666,1.97,3.56,4.0,2014/2015,3,15
2015-05-02,Werder Bremen,Ein Frankfurt,1,0,0,0,H,16,14,8,5,10,5,22,15,Bundesliga,2.86921,1.2158,13,6,5.82051282051282,4.413793103448276,2.12,3.73,3.34,2014/2015,12,13
2015-05-02,Wolfsburg,Hannover,2,2,2,0,D,20,15,4,9,5,5,9,16,Bundesliga,1.52891,1.41691,7,2,4.6,15.318181818181818,1.42,4.84,7.91,2014/2015,5,10
2015-05-03,Hertha,M'gladbach,1,2,1,1,A,10,18,3,7,3,3,15,10,Bundesliga,1.09646,2.19034,2,10,12.125,6.0,5.01,3.54,1.8,2014/2015,11,6
2015-05-03,Mainz,Hamburg,1,2,0,1,A,9,13,5,5,8,2,12,13,Bundesliga,0.667039,0.602455,7,1,6.521739130434782,12.48,1.77,3.82,4.76,2014/2015,7,16
2015-05-08,Hamburg,Freiburg,1,1,0,1,D,16,15,8,7,5,6,16,16,Bundesliga,1.56791,1.88887,3,9,4.382352941176471,10.708333333333334,2.21,3.46,3.33,2014/2015,16,14
2015-05-09,Bayern Munich,Augsburg,0,1,0,0,A,16,12,4,4,4,5,14,16,Bundesliga,1.17797,2.58299,11,5,4.870967741935484,23.058823529411764,1.53,4.3,6.67,2014/2015,1,8
2015-05-09,Dortmund,Hertha,2,0,1,0,H,15,2,4,0,7,3,16,11,Bundesliga,1.78902,0.135418,5,2,8.368421052631579,8.451612903225806,1.31,5.5,10.97,2014/2015,2,11
2015-05-09,Ein Frankfurt,Hoffenheim,3,1,3,0,H,13,8,4,5,1,1,21,25,Bundesliga,0.906802,0.788645,3,7,8.709677419354838,4.486486486486487,2.77,3.65,2.46,2014/2015,13,9
2015-05-09,Hannover,Werder Bremen,1,1,1,0,D,12,9,3,3,8,1,16,19,Bundesliga,1.17255,0.490122,5,5,3.727272727272727,8.8,2.04,3.68,3.58,2014/2015,10,12
2015-05-09,M'gladbach,Leverkusen,3,0,0,0,H,10,19,7,2,6,10,15,15,Bundesliga,2.05603,0.58536,4,6,8.083333333333334,6.075,2.55,3.39,2.83,2014/2015,6,4
2015-05-09,Stuttgart,Mainz,2,0,0,0,H,18,7,7,2,7,2,16,19,Bundesliga,2.70104,0.278579,9,1,5.794871794871795,11.166666666666666,2.02,3.65,3.73,2014/2015,15,7
2015-05-10,FC Koln,Schalke 04,2,0,1,0,H,13,5,6,1,5,6,10,16,Bundesliga,1.52646,0.236428,5,2,19.25,6.258064516129032,2.81,3.23,2.69,2014/2015,-1,3
2015-05-10,Paderborn,Wolfsburg,1,3,0,2,A,16,10,4,5,11,3,9,18,Bundesliga,1.26876,1.68486,2,5,7.96969696969697,6.833333333333333,5.01,4.06,1.68,2014/2015,-2,5
2015-05-16,Augsburg,Hannover,1,2,1,1,A,8,8,2,3,3,4,20,18,Bundesliga,1.03797,0.466165,7,7,3.357142857142857,16.571428571428573,2.29,3.44,3.18,2014/2015,8,10
2015-05-16,Freiburg,Bayern Munich,2,1,1,1,H,9,17,3,6,2,10,16,15,Bundesliga,0.656099,1.91964,3,4,25.0,4.428571428571429,6.66,4.41,1.52,2014/2015,14,1
2015-05-16,Hertha,Ein Frankfurt,0,0,0,0,D,9,1,2,0,4,4,20,26,Bundesliga,1.08366,0.0408065,3,2,6.829268292682927,4.703703703703703,2.04,3.56,3.7,2014/2015,11,13
2015-05-16,Leverkusen,Hoffenheim,2,0,1,0,H,13,16,4,5,4,9,20,14,Bundesliga,1.17358,0.692454,6,6,2.810810810810811,4.536585365853658,1.43,5.01,7.24,2014/2015,4,9
2015-05-16,Mainz,FC Koln,2,0,0,0,H,18,12,6,4,2,5,15,14,Bundesliga,1.67686,1.01035,10,3,8.392857142857142,12.125,2.15,3.42,3.55,2014/2015,7,-1
2015-05-16,Schalke 04,Paderborn,1,0,0,0,H,18,22,2,4,10,9,14,14,Bundesliga,1.05307,0.87016,4,9,5.653846153846154,6.28125,1.63,4.2,5.42,2014/2015,3,-2
2015-05-16,Stuttgart,Hamburg,2,1,2,1,H,22,7,11,1,9,2,10,21,Bundesliga,2.50374,0.197392,2,4,7.625,5.714285714285714,1.75,3.84,4.84,2014/2015,15,16
2015-05-16,Werder Bremen,M'gladbach,0,2,0,0,A,19,14,3,4,5,4,13,7,Bundesliga,1.20572,1.45177,10,7,17.333333333333332,6.909090909090909,4.36,4.02,1.78,2014/2015,12,6
2015-05-16,Wolfsburg,Dortmund,2,1,1,1,H,12,17,8,3,6,5,11,11,Bundesliga,1.65992,1.77219,2,6,12.52,8.277777777777779,2.64,3.52,2.65,2014/2015,5,2
2015-05-23,Bayern Munich,Mainz,2,0,1,0,H,20,7,7,5,5,3,11,11,Bundesliga,2.34132,0.328659,10,2,6.2,26.73684210526316,1.23,6.69,12.6,2014/2015,1,7
2015-05-23,Dortmund,Werder Bremen,3,2,3,1,H,22,7,8,4,9,1,11,3,Bundesliga,2.90398,0.964946,13,4,6.28,16.90909090909091,1.3,5.99,9.77,2014/2015,2,12
2015-05-23,Ein Frankfurt,Leverkusen,2,1,2,1,H,8,19,3,7,3,8,20,14,Bundesliga,1.11352,0.836413,1,6,9.925925925925926,4.045454545454546,4.58,4.18,1.72,2014/2015,13,4
2015-05-23,FC Koln,Wolfsburg,2,2,1,2,D,12,15,3,5,4,8,14,11,Bundesliga,0.909494,2.05941,4,4,20.63636363636364,15.285714285714286,3.97,3.74,1.92,2014/2015,-1,5
2015-05-23,Hamburg,Schalke 04,2,0,0,0,H,11,11,4,4,3,6,16,18,Bundesliga,1.10308,1.09683,4,5,6.0606060606060606,9.25925925925926,2.4,3.68,2.84,2014/2015,16,3
2015-05-23,Hannover,Freiburg,2,1,1,0,H,11,9,6,5,3,5,16,15,Bundesliga,0.593454,0.661015,5,7,10.478260869565217,5.25,1.98,3.51,3.96,2014/2015,10,14
2015-05-23,Hoffenheim,Hertha,2,1,1,0,H,16,4,5,1,1,2,14,18,Bundesliga,0.893112,0.485545,5,2,3.793103448275862,25.157894736842103,1.98,3.66,3.82,2014/2015,9,11
2015-05-23,M'gladbach,Augsburg,1,3,1,0,A,10,15,3,4,1,6,13,17,Bundesliga,1.32784,0.664595,7,3,23.0,6.868421052631579,1.57,4.35,5.85,2014/2015,6,8
2015-05-23,Paderborn,Stuttgart,1,2,1,1,A,15,18,5,3,2,8,12,18,Bundesliga,0.538797,2.42856,3,9,7.772727272727272,4.9523809523809526,3.3,3.87,2.1,2014/2015,-2,15
