Date,HomeTeam,AwayTeam,FTHG,FTAG,HTHG,HTAG,FTR,HS,AS,HST,AST,HC,AC,HF,AF,league,HxG,AxG,Hdeep,Adeep,Hppda_coef,Appda_coef,AVGH,AVGD,AVGA,season
2018-08-10,Man United,Leicester,2,1,1,0,H,8,13,6,4,2,5,11,8,EPL,1.5137,1.73813,3.0,10.0,15.833333333333334,11.461538461538462,1.57,3.91,7.0,2018/2019
2018-08-11,Bournemouth,Cardiff,2,0,1,0,H,12,10,4,1,7,4,11,9,EPL,2.60022,1.50693,12.0,5.0,5.631578947368421,15.823529411764708,1.89,3.58,4.46,2018/2019
2018-08-11,Fulham,Crystal Palace,0,2,0,1,A,15,10,6,9,5,5,9,11,EPL,0.638076,1.07816,3.0,8.0,4.534883720930233,22.789473684210527,2.49,3.39,2.95,2018/2019
2018-08-11,Huddersfield,Chelsea,0,3,0,2,A,6,13,1,4,2,5,9,8,EPL,0.396115,2.31427,2.0,4.0,11.545454545454543,12.666666666666666,6.3,3.98,1.61,2018/2019
2018-08-11,Newcastle,Tottenham,1,2,1,2,A,15,15,2,5,3,5,11,12,EPL,0.974497,2.58097,8.0,3.0,17.45,5.6571428571428575,3.86,3.42,2.07,2018/2019
2018-08-11,Watford,Brighton,2,0,1,0,H,19,6,5,0,8,2,10,16,EPL,1.42372,0.45504,8.0,2.0,8.703703703703704,14.25,2.4,3.16,3.36,2018/2019
2018-08-11,Wolves,Everton,2,2,1,1,D,11,6,4,5,3,6,8,7,EPL,0.891038,0.715382,4.0,2.0,25.33333333333333,15.6,2.35,3.3,3.27,2018/2019
2018-08-12,Arsenal,Man City,0,2,0,1,A,9,17,3,8,2,9,11,14,EPL,0.445187,2.0178,8.0,8.0,13.56,10.954545454545457,3.92,3.89,1.92,2018/2019
2018-08-12,Liverpool,West Ham,4,0,2,0,H,18,5,8,2,5,4,14,9,EPL,4.34421,0.404253,16.0,3.0,8.03225806451613,25.1875,1.25,6.21,13.06,2018/2019
2018-08-12,Southampton,Burnley,0,0,0,0,D,18,16,3,6,8,5,10,9,EPL,1.01994,1.40827,3.0,7.0,16.583333333333332,7.809523809523809,1.85,3.42,5.0,2018/2019
2018-08-18,Cardiff,Newcastle,0,0,0,0,D,12,12,1,6,5,5,14,16,EPL,1.15521,1.55405,3.0,3.0,5.033333333333333,6.294117647058823,3.21,3.08,2.52,2018/2019
2018-08-18,Chelsea,Arsenal,3,2,2,2,H,24,15,11,6,5,1,12,9,EPL,1.71799,2.45798,10.0,7.0,10.76,18.13636363636364,1.82,3.93,4.36,2018/2019
2018-08-18,Everton,Southampton,2,1,2,0,H,13,15,7,4,2,5,8,20,EPL,2.02004,1.77471,4.0,7.0,5.074074074074074,9.818181818181818,1.9,3.49,4.52,2018/2019
2018-08-18,Leicester,Wolves,2,0,2,0,H,6,11,2,3,1,9,10,8,EPL,0.222843,1.09349,4.0,6.0,15.38888888888889,7.129032258064516,2.05,3.49,3.85,2018/2019
2018-08-18,Tottenham,Fulham,3,1,1,0,H,25,10,11,3,5,2,9,5,EPL,3.26713,1.44253,20.0,4.0,8.382352941176471,89.5,1.27,6.07,11.61,2018/2019
2018-08-18,West Ham,Bournemouth,1,2,1,0,A,11,12,5,5,6,4,14,10,EPL,1.10275,1.69077,9.0,10.0,6.769230769230769,15.411764705882351,2.08,3.61,3.62,2018/2019
2018-08-19,Brighton,Man United,3,2,3,1,H,6,9,3,3,3,5,16,13,EPL,1.63672,1.56579,2.0,5.0,11.02777777777778,9.357142857142858,5.29,3.59,1.76,2018/2019
2018-08-19,Burnley,Watford,1,3,1,1,A,8,9,3,6,5,2,8,19,EPL,0.392642,1.9171,4.0,9.0,7.842105263157895,8.73076923076923,2.42,3.07,3.38,2018/2019
2018-08-19,Man City,Huddersfield,6,1,3,1,H,32,5,14,1,10,3,9,4,EPL,4.60356,0.663731,17.0,4.0,9.181818181818182,35.22222222222222,1.08,12.6,30.42,2018/2019
2018-08-20,Crystal Palace,Liverpool,0,2,0,1,A,8,16,2,6,6,7,6,13,EPL,0.368608,2.82183,3.0,17.0,30.08333333333333,7.428571428571429,6.84,4.96,1.44,2018/2019
2018-08-25,Arsenal,West Ham,3,1,1,1,H,17,13,10,5,10,2,16,13,EPL,1.7852,1.17924,8.0,10.0,5.03030303030303,17.72222222222222,1.37,5.38,8.57,2018/2019
2018-08-25,Bournemouth,Everton,2,2,0,0,D,17,11,5,3,6,2,12,10,EPL,2.5887,0.543665,11.0,4.0,9.35,9.454545454545457,2.59,3.6,2.72,2018/2019
2018-08-25,Huddersfield,Cardiff,0,0,0,0,D,5,14,1,4,7,7,8,10,EPL,0.203453,1.06351,1.0,5.0,8.833333333333334,8.478260869565217,2.35,3.08,3.57,2018/2019
2018-08-25,Liverpool,Brighton,1,0,1,0,H,22,6,8,2,8,5,8,14,EPL,1.81412,0.535616,13.0,2.0,6.6923076923076925,19.63636363636364,1.16,8.38,20.03,2018/2019
2018-08-25,Southampton,Leicester,1,2,0,0,A,11,8,5,5,10,3,13,11,EPL,0.542494,0.517935,7.0,2.0,7.774193548387097,13.294117647058824,2.41,3.27,3.2,2018/2019
2018-08-25,Wolves,Man City,1,1,0,0,D,11,18,2,6,5,9,13,8,EPL,1.26376,1.84293,2.0,10.0,22.875,6.833333333333333,11.52,6.32,1.27,2018/2019
2018-08-26,Fulham,Burnley,4,2,3,2,H,25,12,12,2,6,4,11,8,,1.92,1.57,10.0,5.0,11.71,18.58,1.99,3.38,4.24,2018/2019
2018-08-26,Newcastle,Chelsea,1,2,0,0,A,6,15,2,3,4,5,16,8,EPL,0.209337,1.49669,3.0,13.0,24.142857142857142,4.444444444444445,5.44,3.95,1.67,2018/2019
2018-08-26,Watford,Crystal Palace,2,1,0,0,H,13,9,5,3,6,3,14,11,EPL,1.14596,1.21905,7.0,5.0,9.590909090909092,6.6,2.58,3.3,2.92,2018/2019
2018-08-27,Man United,Tottenham,0,3,0,0,A,23,9,5,5,5,2,11,16,EPL,1.40321,1.80811,7.0,6.0,9.428571428571429,8.40625,2.58,3.34,2.86,2018/2019
2018-09-01,Brighton,Fulham,2,2,0,1,D,15,10,5,5,7,1,12,14,EPL,2.68216,1.51555,3.0,3.0,11.482758620689657,13.642857142857142,2.26,3.39,3.39,2018/2019
2018-09-01,Chelsea,Bournemouth,2,0,0,0,H,24,8,6,1,7,6,10,7,EPL,1.16408,0.950959,15.0,3.0,8.214285714285714,21.235294117647054,1.3,6.02,10.31,2018/2019
2018-09-01,Crystal Palace,Southampton,0,2,0,0,A,20,19,6,6,7,4,11,12,EPL,2.35193,3.13612,5.0,3.0,11.944444444444445,10.08695652173913,1.98,3.45,4.25,2018/2019
2018-09-01,Everton,Huddersfield,1,1,1,1,D,11,9,1,6,4,3,13,14,EPL,0.616013,0.660035,2.0,1.0,8.523809523809524,9.344827586206897,1.52,4.12,7.64,2018/2019
2018-09-01,Leicester,Liverpool,1,2,0,2,A,12,10,5,4,4,4,9,12,EPL,0.981217,1.22722,5.0,5.0,13.0,9.88888888888889,7.38,4.93,1.43,2018/2019
2018-09-01,Man City,Newcastle,2,1,1,1,H,24,3,8,2,4,0,5,13,EPL,2.46904,0.554763,9.0,2.0,8.818181818181818,30.46153846153846,1.11,10.64,27.24,2018/2019
2018-09-01,West Ham,Wolves,0,1,0,0,A,13,15,3,6,4,4,10,11,EPL,0.888887,1.22301,7.0,4.0,14.333333333333334,10.346153846153848,2.52,3.46,2.87,2018/2019
2018-09-02,Burnley,Man United,0,2,0,2,A,9,21,2,9,2,5,7,13,EPL,1.09923,2.90359,2.0,13.0,21.0,10.75,5.92,3.78,1.67,2018/2019
2018-09-02,Cardiff,Arsenal,2,3,1,1,A,14,17,3,11,3,9,12,14,EPL,0.77426,1.41005,5.0,15.0,16.363636363636363,4.5,6.21,4.38,1.55,2018/2019
2018-09-02,Watford,Tottenham,2,1,0,0,H,7,11,3,2,3,10,9,8,EPL,0.454309,0.582521,3.0,5.0,11.24,5.083333333333333,5.44,4.2,1.64,2018/2019
2018-09-15,Bournemouth,Leicester,4,2,3,0,H,10,14,5,8,4,6,13,15,EPL,2.22726,1.82502,6.0,8.0,16.916666666666668,7.0,2.43,3.46,3.01,2018/2019
2018-09-15,Chelsea,Cardiff,4,1,2,1,H,18,6,7,2,5,4,8,10,EPL,2.67145,0.8276,13.0,3.0,4.0,18.363636363636363,1.18,7.48,18.38,2018/2019
2018-09-15,Huddersfield,Crystal Palace,0,1,0,1,A,15,7,2,2,5,3,11,17,EPL,0.87744,0.746631,5.0,2.0,11.842105263157896,15.941176470588236,3.24,3.12,2.48,2018/2019
2018-09-15,Man City,Fulham,3,0,2,0,H,28,9,9,3,10,4,7,7,EPL,4.91621,0.342698,22.0,3.0,10.857142857142858,38.18181818181818,1.12,9.79,22.46,2018/2019
2018-09-15,Newcastle,Arsenal,1,2,0,0,A,4,12,2,2,10,4,13,11,EPL,0.412121,0.90461,3.0,10.0,14.75,7.095238095238095,4.06,3.77,1.92,2018/2019
2018-09-15,Tottenham,Liverpool,1,2,0,1,A,11,17,3,10,5,4,17,16,EPL,0.788168,3.01015,8.0,7.0,10.333333333333334,19.789473684210527,3.0,3.63,2.34,2018/2019
2018-09-15,Watford,Man United,1,2,0,2,A,14,9,5,6,6,8,9,11,EPL,1.17523,1.64902,7.0,6.0,12.772727272727272,10.055555555555555,4.23,3.56,1.94,2018/2019
2018-09-16,Everton,West Ham,1,3,1,2,A,16,9,4,4,4,2,15,12,EPL,1.26774,1.52437,5.0,7.0,6.62962962962963,11.090909090909092,2.04,3.66,3.7,2018/2019
2018-09-16,Wolves,Burnley,1,0,0,0,H,30,7,7,2,8,2,10,9,EPL,3.3916,0.208994,11.0,3.0,17.384615384615383,17.9375,1.75,3.59,5.53,2018/2019
2018-09-17,Southampton,Brighton,2,2,1,0,D,14,12,5,4,1,4,10,13,EPL,2.19521,1.97094,6.0,7.0,9.346153846153848,16.0,2.1,3.3,3.88,2018/2019
2018-09-22,Brighton,Tottenham,1,2,0,1,A,8,16,4,7,5,7,15,9,EPL,0.817174,2.11655,2.0,4.0,16.666666666666668,4.575757575757576,4.85,3.91,1.75,2018/2019
2018-09-22,Burnley,Bournemouth,4,0,2,0,H,12,19,5,5,3,8,17,6,EPL,2.29417,0.976413,10.0,10.0,10.3125,17.333333333333332,2.91,3.38,2.55,2018/2019
2018-09-22,Cardiff,Man City,0,5,0,3,A,2,21,2,10,1,9,6,4,EPL,0.0980726,3.08415,2.0,18.0,67.5,7.642857142857143,20.26,7.99,1.16,2018/2019
2018-09-22,Crystal Palace,Newcastle,0,0,0,0,D,16,6,4,3,9,5,8,11,EPL,0.930793,0.229309,9.0,1.0,7.35,9.344827586206897,2.14,3.37,3.69,2018/2019
2018-09-22,Fulham,Watford,1,1,0,1,D,15,11,3,6,8,8,11,9,EPL,1.77245,1.76133,4.0,5.0,8.294117647058824,12.08,2.49,3.47,2.89,2018/2019
2018-09-22,Leicester,Huddersfield,3,1,1,1,H,18,9,8,2,3,1,10,16,EPL,1.80404,0.688176,2.0,2.0,6.961538461538462,17.68421052631579,1.61,3.86,6.56,2018/2019
2018-09-22,Liverpool,Southampton,3,0,3,0,H,12,7,4,1,5,4,7,10,EPL,1.77893,0.310467,13.0,5.0,17.4,24.36842105263158,1.2,7.36,16.88,2018/2019
2018-09-22,Man United,Wolves,1,1,1,0,D,15,11,6,8,5,4,5,17,EPL,0.62283,1.1185,12.0,7.0,16.583333333333332,17.863636363636363,1.58,4.2,6.26,2018/2019
2018-09-23,Arsenal,Everton,2,0,0,0,H,9,9,5,6,5,9,17,12,EPL,0.930544,1.06523,15.0,5.0,4.870967741935484,17.166666666666668,1.46,4.92,6.84,2018/2019
2018-09-23,West Ham,Chelsea,0,0,0,0,D,6,17,1,6,1,8,11,9,EPL,1.0177,1.88344,4.0,12.0,27.0,5.6923076923076925,5.68,4.4,1.59,2018/2019
2018-09-29,Arsenal,Watford,2,0,0,0,H,9,13,2,4,6,6,11,17,EPL,1.57061,2.62141,9.0,4.0,9.0,10.296296296296296,1.47,4.94,6.56,2018/2019
2018-09-29,Chelsea,Liverpool,1,1,1,0,D,10,13,4,6,4,4,7,9,EPL,1.77638,1.74071,4.0,8.0,40.55555555555556,15.304347826086955,2.82,3.56,2.53,2018/2019
2018-09-29,Everton,Fulham,3,0,0,0,H,19,6,6,0,12,1,13,13,EPL,2.31538,0.536317,7.0,6.0,8.307692307692308,10.0,1.75,4.09,4.66,2018/2019
2018-09-29,Huddersfield,Tottenham,0,2,0,2,A,9,10,5,6,3,0,17,16,EPL,0.339245,2.33733,3.0,1.0,6.142857142857143,14.266666666666667,8.0,4.47,1.46,2018/2019
2018-09-29,Man City,Brighton,2,0,1,0,H,28,4,8,1,10,3,4,10,EPL,2.90697,0.23023,21.0,0.0,6.052631578947368,33.0,1.09,12.15,29.7,2018/2019
2018-09-29,Newcastle,Leicester,0,2,0,1,A,6,12,1,5,5,9,11,5,EPL,0.397301,1.34341,3.0,3.0,11.666666666666666,9.095238095238097,2.59,3.26,2.98,2018/2019
2018-09-29,West Ham,Man United,3,1,2,0,H,8,9,3,4,4,9,12,12,EPL,1.3029,0.865739,9.0,2.0,13.052631578947368,11.333333333333334,4.46,3.77,1.85,2018/2019
2018-09-29,Wolves,Southampton,2,0,0,0,H,14,17,6,6,8,6,11,7,EPL,1.42507,0.679627,5.0,9.0,10.52,12.238095238095235,1.84,3.54,4.95,2018/2019
2018-09-30,Cardiff,Burnley,1,2,0,0,A,19,3,5,2,10,2,11,15,EPL,1.56707,0.111527,14.0,6.0,6.176470588235294,6.923076923076923,2.6,3.08,3.12,2018/2019
2018-10-01,Bournemouth,Crystal Palace,2,1,1,0,H,11,10,5,2,3,3,9,12,EPL,1.97143,0.385841,4.0,11.0,15.05,13.0,2.26,3.48,3.31,2018/2019
2018-10-05,Brighton,West Ham,1,0,1,0,H,9,17,4,4,2,9,12,8,EPL,1.02566,1.43652,2.0,15.0,12.952380952380953,8.866666666666667,2.68,3.28,2.85,2018/2019
2018-10-06,Burnley,Huddersfield,1,1,1,0,D,6,19,3,2,1,10,8,11,EPL,0.353128,1.02549,1.0,1.0,14.434782608695652,6.411764705882353,2.15,3.06,4.18,2018/2019
2018-10-06,Crystal Palace,Wolves,0,1,0,0,A,11,7,4,2,6,3,11,13,EPL,1.03714,0.755654,6.0,4.0,5.92,18.38095238095238,2.97,3.22,2.6,2018/2019
2018-10-06,Leicester,Everton,1,2,1,1,A,8,17,2,8,2,10,10,11,EPL,1.10472,1.14952,2.0,6.0,12.470588235294118,13.15,2.19,3.43,3.52,2018/2019
2018-10-06,Man United,Newcastle,3,2,0,2,H,18,13,10,8,10,6,16,8,EPL,2.40631,1.55962,12.0,5.0,5.0,13.44,1.46,4.48,8.26,2018/2019
2018-10-06,Tottenham,Cardiff,1,0,1,0,H,19,8,7,6,6,2,7,11,EPL,2.6517,1.13843,17.0,2.0,9.0,17.85,1.23,6.56,14.02,2018/2019
2018-10-06,Watford,Bournemouth,0,4,0,3,A,14,10,2,7,10,7,11,9,EPL,1.06613,3.28471,6.0,5.0,11.476190476190476,15.307692307692308,2.15,3.57,3.47,2018/2019
2018-10-07,Fulham,Arsenal,1,5,1,1,A,21,9,4,7,4,2,11,12,EPL,1.31588,1.13706,5.0,12.0,11.961538461538462,15.333333333333334,4.91,4.31,1.68,2018/2019
2018-10-07,Liverpool,Man City,0,0,0,0,D,7,6,2,2,2,6,10,10,EPL,0.433994,1.07481,3.0,4.0,23.133333333333333,15.136363636363637,2.54,3.56,2.8,2018/2019
2018-10-07,Southampton,Chelsea,0,3,0,1,A,15,21,6,6,4,12,13,11,EPL,1.487,3.54699,5.0,15.0,14.130434782608695,11.352941176470589,5.88,4.11,1.62,2018/2019
2018-10-20,Bournemouth,Southampton,0,0,0,0,D,10,8,2,4,6,4,10,14,EPL,0.840403,0.589633,4.0,4.0,14.0,9.962962962962964,2.03,3.67,3.76,2018/2019
2018-10-20,Cardiff,Fulham,4,2,2,2,H,22,9,5,4,4,4,15,16,EPL,1.7562,0.947712,4.0,6.0,10.4,4.217391304347826,2.48,3.46,2.94,2018/2019
2018-10-20,Chelsea,Man United,2,2,1,0,D,21,7,6,4,5,3,9,17,EPL,2.21163,1.11454,9.0,4.0,9.476190476190476,11.586206896551724,1.74,3.86,5.09,2018/2019
2018-10-20,Huddersfield,Liverpool,0,1,0,1,A,13,11,1,2,2,4,9,6,EPL,0.638341,0.663819,0.0,10.0,13.75,18.944444444444443,11.62,5.34,1.32,2018/2019
2018-10-20,Man City,Burnley,5,0,1,0,H,24,5,10,0,10,1,11,5,EPL,4.48577,0.370236,18.0,1.0,9.421052631578949,39.0,1.07,12.74,30.92,2018/2019
2018-10-20,Newcastle,Brighton,0,1,0,1,A,27,8,6,2,10,2,13,17,EPL,1.71169,0.675798,6.0,6.0,4.227272727272728,10.652173913043478,2.19,3.22,3.82,2018/2019
2018-10-20,West Ham,Tottenham,0,1,0,1,A,13,10,4,2,10,6,8,10,EPL,0.544268,1.11777,3.0,4.0,7.85,11.941176470588236,4.02,3.87,1.91,2018/2019
2018-10-20,Wolves,Watford,0,2,0,2,A,10,9,1,3,8,2,23,13,EPL,0.47391,1.0684,8.0,4.0,10.2,13.647058823529411,1.75,3.7,5.28,2018/2019
2018-10-21,Everton,Crystal Palace,2,0,0,0,H,20,7,4,3,10,5,13,17,EPL,1.92794,1.50174,10.0,5.0,8.8,8.866666666666667,1.86,3.59,4.62,2018/2019
2018-10-22,Arsenal,Leicester,3,1,1,1,H,19,8,6,2,6,4,10,10,EPL,2.91637,0.932491,14.0,2.0,6.0,18.347826086956523,1.54,4.45,6.26,2018/2019
2018-10-27,Brighton,Wolves,1,0,0,0,H,2,25,1,7,1,10,11,8,EPL,1.01337,1.38027,6.0,4.0,15.8125,5.527777777777778,3.24,3.15,2.46,2018/2019
2018-10-27,Fulham,Bournemouth,0,3,0,1,A,11,12,1,5,5,5,16,3,EPL,0.383833,2.10555,1.0,12.0,16.176470588235293,31.8,2.87,3.75,2.41,2018/2019
2018-10-27,Leicester,West Ham,1,1,0,1,D,21,11,7,3,8,0,17,5,EPL,1.95344,1.56009,5.0,7.0,4.153846153846154,10.8,2.13,3.46,3.71,2018/2019
2018-10-27,Liverpool,Cardiff,4,1,1,0,H,19,2,7,1,8,0,6,4,EPL,2.30176,0.643117,16.0,1.0,6.75,82.66666666666667,1.1,10.96,27.82,2018/2019
2018-10-27,Southampton,Newcastle,0,0,0,0,D,22,6,4,0,7,2,9,12,EPL,1.19216,0.297646,7.0,3.0,13.4375,8.363636363636363,2.14,3.32,3.85,2018/2019
2018-10-27,Watford,Huddersfield,3,0,2,0,H,12,13,6,7,3,3,9,13,EPL,2.29622,0.479655,6.0,6.0,11.8,8.066666666666666,1.76,3.65,5.26,2018/2019
2018-10-28,Burnley,Chelsea,0,4,0,1,A,7,24,1,8,4,4,14,10,EPL,0.269828,3.01621,1.0,8.0,15.93939393939394,13.066666666666666,10.71,4.91,1.36,2018/2019
2018-10-28,Crystal Palace,Arsenal,2,2,1,0,D,16,7,3,2,6,4,10,16,EPL,2.38115,0.845197,6.0,2.0,15.545454545454543,7.466666666666667,4.56,4.16,1.75,2018/2019
2018-10-28,Man United,Everton,2,1,1,0,H,14,14,10,6,8,4,15,12,EPL,2.51393,1.67348,5.0,6.0,8.851851851851851,10.72,1.74,3.88,5.05,2018/2019
2018-10-29,Tottenham,Man City,0,1,0,1,A,4,13,1,6,3,6,13,13,EPL,0.442436,1.93588,4.0,15.0,10.653846153846152,13.181818181818182,4.68,4.16,1.74,2018/2019
2018-11-03,Arsenal,Liverpool,1,1,0,0,D,12,13,4,4,5,8,7,7,EPL,1.62321,1.19558,9.0,8.0,8.208333333333334,24.6,3.8,3.79,1.99,2018/2019
2018-11-03,Bournemouth,Man United,1,2,1,1,A,18,18,7,8,9,5,12,12,EPL,1.928,3.29249,14.0,15.0,15.0625,9.681818181818182,3.56,3.61,2.12,2018/2019
2018-11-03,Cardiff,Leicester,0,1,0,0,A,11,13,2,5,6,12,13,12,EPL,0.922262,2.18288,7.0,6.0,10.5,6.571428571428571,3.76,3.34,2.15,2018/2019
2018-11-03,Everton,Brighton,3,1,1,1,H,14,5,3,3,6,4,9,17,EPL,2.59305,0.676348,10.0,0.0,6.357142857142857,11.0,1.6,3.97,6.5,2018/2019
2018-11-03,Newcastle,Watford,1,0,0,0,H,10,16,2,1,8,9,12,11,EPL,0.691575,2.5452,1.0,18.0,11.0,10.6,2.72,3.24,2.8,2018/2019
2018-11-03,West Ham,Burnley,4,2,1,1,H,22,6,10,3,10,4,7,9,EPL,2.55739,0.882514,14.0,3.0,9.6,12.6,1.75,3.72,5.22,2018/2019
2018-11-03,Wolves,Tottenham,2,3,0,2,A,16,10,7,8,5,1,11,8,EPL,2.40643,1.63123,4.0,4.0,10.2,14.22222222222222,3.03,3.36,2.49,2018/2019
2018-11-04,Chelsea,Crystal Palace,3,1,1,0,H,15,7,6,2,4,2,6,13,EPL,1.88741,0.454547,9.0,4.0,10.055555555555555,19.74074074074074,1.27,6.23,11.5,2018/2019
2018-11-04,Man City,Southampton,6,1,4,1,H,18,12,8,6,4,4,14,9,EPL,2.76272,1.81466,35.0,4.0,8.95,29.785714285714285,1.11,10.67,28.17,2018/2019
2018-11-05,Huddersfield,Fulham,1,0,1,0,H,10,7,2,1,5,4,11,8,EPL,0.51433,0.354166,4.0,1.0,4.795918367346939,10.2,2.31,3.44,3.26,2018/2019
2018-11-10,Cardiff,Brighton,2,1,1,1,H,20,7,6,3,4,1,7,21,EPL,1.94297,0.767044,4.0,3.0,8.2,8.44,2.59,3.13,3.08,2018/2019
2018-11-10,Crystal Palace,Tottenham,0,1,0,0,A,11,11,4,2,10,6,12,9,EPL,0.688016,1.55381,6.0,1.0,12.703703703703704,7.2,4.43,3.69,1.86,2018/2019
2018-11-10,Huddersfield,West Ham,1,1,1,0,D,15,12,7,5,5,6,9,8,EPL,1.17524,1.44113,4.0,5.0,10.115384615384617,8.647058823529411,3.42,3.24,2.34,2018/2019
2018-11-10,Leicester,Burnley,0,0,0,0,D,22,6,5,1,12,1,13,10,EPL,1.5091,0.368393,6.0,0.0,7.882352941176471,12.75,1.51,4.32,7.36,2018/2019
2018-11-10,Newcastle,Bournemouth,2,1,2,1,H,18,14,6,4,7,10,9,11,EPL,2.57545,1.91687,4.0,5.0,15.210526315789474,6.2727272727272725,2.86,3.38,2.6,2018/2019
2018-11-10,Southampton,Watford,1,1,1,0,D,14,12,4,6,7,6,13,13,EPL,1.20211,1.07573,5.0,11.0,8.08,6.9,2.51,3.3,3.05,2018/2019
2018-11-11,Arsenal,Wolves,1,1,0,1,D,10,12,3,5,11,2,9,16,EPL,0.965843,1.86549,11.0,8.0,6.130434782608695,20.9,1.66,4.18,5.16,2018/2019
2018-11-11,Chelsea,Everton,0,0,0,0,D,15,6,4,1,5,5,7,11,EPL,1.16298,0.198027,7.0,0.0,6.84,17.24,1.42,5.11,7.72,2018/2019
2018-11-11,Liverpool,Fulham,2,0,1,0,H,20,8,7,3,6,3,11,9,EPL,2.22417,0.571301,12.0,1.0,4.571428571428571,32.142857142857146,1.11,10.98,25.66,2018/2019
2018-11-11,Man City,Man United,3,1,1,0,H,17,6,5,1,5,1,12,12,EPL,2.02764,0.97089,16.0,5.0,12.63157894736842,20.210526315789476,1.38,5.22,8.33,2018/2019
2018-11-24,Brighton,Leicester,1,1,1,0,D,14,8,3,3,6,1,10,7,EPL,0.862315,1.12521,3.0,5.0,9.6,9.791666666666666,2.87,3.26,2.68,2018/2019
2018-11-24,Everton,Cardiff,1,0,0,0,H,16,7,8,1,7,3,12,13,EPL,2.48066,0.879108,5.0,1.0,4.5,20.142857142857142,1.41,4.83,8.53,2018/2019
2018-11-24,Fulham,Southampton,3,2,2,1,H,10,19,5,8,2,5,10,6,EPL,1.3875,1.67163,8.0,8.0,19.11764705882353,8.045454545454545,2.63,3.46,2.78,2018/2019
2018-11-24,Man United,Crystal Palace,0,0,0,0,D,12,13,5,2,10,3,13,12,EPL,1.34245,1.05292,12.0,4.0,5.185185185185185,17.466666666666665,1.4,4.92,8.45,2018/2019
2018-11-24,Tottenham,Chelsea,3,1,2,0,H,18,13,9,2,4,4,19,12,EPL,3.34649,0.962804,7.0,8.0,10.8,6.296296296296297,2.84,3.48,2.56,2018/2019
2018-11-24,Watford,Liverpool,0,3,0,0,A,5,10,1,7,5,5,12,13,EPL,0.673382,1.45314,3.0,7.0,15.041666666666666,6.576923076923077,6.14,4.34,1.57,2018/2019
2018-11-24,West Ham,Man City,0,4,0,3,A,9,9,1,6,8,1,6,3,EPL,0.829504,2.95852,6.0,11.0,29.11111111111111,14.615384615384617,12.12,6.52,1.25,2018/2019
2018-11-25,Bournemouth,Arsenal,1,2,1,1,A,11,20,5,4,5,8,6,9,EPL,0.650884,1.71044,6.0,16.0,19.73333333333333,9.181818181818182,3.51,3.82,2.02,2018/2019
2018-11-25,Wolves,Huddersfield,0,2,0,1,A,12,14,3,6,3,5,9,8,EPL,0.701036,0.627281,5.0,5.0,15.1,8.310344827586206,1.5,4.15,8.18,2018/2019
2018-11-26,Burnley,Newcastle,1,2,1,2,A,14,17,4,3,5,5,6,11,EPL,1.49487,1.67701,10.0,3.0,14.578947368421051,11.96774193548387,2.88,3.16,2.73,2018/2019
2018-11-30,Cardiff,Wolves,2,1,0,1,H,17,15,3,4,7,6,3,12,EPL,1.09264,0.987623,5.0,7.0,9.11111111111111,5.681818181818182,3.78,3.26,2.22,2018/2019
2018-12-01,Crystal Palace,Burnley,2,0,1,0,H,29,4,9,0,10,2,9,10,EPL,2.03785,0.302477,10.0,2.0,13.692307692307692,11.130434782608695,1.61,3.87,6.54,2018/2019
2018-12-01,Huddersfield,Brighton,1,2,1,1,A,7,14,2,6,2,6,10,12,EPL,0.558083,1.67998,0.0,6.0,16.7,7.428571428571429,2.5,3.02,3.37,2018/2019
2018-12-01,Leicester,Watford,2,0,2,0,H,7,8,3,0,4,8,7,6,EPL,1.41758,1.19923,1.0,9.0,17.1875,6.523809523809524,2.27,3.3,3.49,2018/2019
2018-12-01,Man City,Bournemouth,3,1,1,1,H,16,4,6,1,8,4,9,3,EPL,2.83557,0.715009,10.0,6.0,6.208333333333333,67.42857142857143,1.11,10.62,23.93,2018/2019
2018-12-01,Newcastle,West Ham,0,3,0,1,A,16,7,4,4,7,3,10,10,EPL,1.12583,2.62697,9.0,3.0,9.578947368421051,17.625,2.49,3.31,3.08,2018/2019
2018-12-01,Southampton,Man United,2,2,2,2,D,16,11,6,5,3,5,12,13,EPL,0.623954,0.904803,6.0,5.0,12.137931034482758,7.947368421052632,4.28,3.56,1.95,2018/2019
2018-12-02,Arsenal,Tottenham,4,2,1,2,H,22,11,7,6,8,5,15,17,EPL,2.71421,1.0926,9.0,1.0,6.592592592592593,9.516129032258064,2.59,3.61,2.7,2018/2019
2018-12-02,Chelsea,Fulham,2,0,1,0,H,16,9,9,4,4,6,8,17,EPL,2.17105,0.285256,5.0,3.0,6.1,13.735294117647058,1.18,7.86,16.14,2018/2019
2018-12-02,Liverpool,Everton,1,0,0,0,H,16,9,3,3,8,1,12,7,EPL,3.07574,1.23014,8.0,5.0,6.117647058823529,16.944444444444443,1.39,5.01,8.74,2018/2019
2018-12-04,Bournemouth,Huddersfield,2,1,2,1,H,6,23,2,6,4,8,14,11,EPL,1.07393,1.5631,3.0,9.0,17.0625,4.933333333333334,1.68,3.78,5.77,2018/2019
2018-12-04,Brighton,Crystal Palace,3,1,3,0,H,9,18,3,5,4,5,14,12,EPL,1.2521,1.5329,2.0,11.0,15.31578947368421,7.315789473684211,2.97,3.11,2.7,2018/2019
2018-12-04,Watford,Man City,1,2,0,1,A,11,15,7,7,3,11,4,8,EPL,1.672,2.51933,7.0,14.0,39.5,6.9523809523809526,10.68,5.87,1.3,2018/2019
2018-12-04,West Ham,Cardiff,3,1,0,0,H,17,9,11,5,10,4,10,10,EPL,1.57488,1.93448,10.0,2.0,6.2,10.28,1.65,4.0,5.76,2018/2019
2018-12-05,Burnley,Liverpool,1,3,0,0,A,10,18,6,12,5,9,10,3,EPL,1.05809,2.73897,7.0,14.0,22.25,9.666666666666666,12.52,5.72,1.28,2018/2019
2018-12-05,Everton,Newcastle,1,1,1,1,D,19,8,3,5,14,2,7,18,EPL,2.10943,1.52214,5.0,4.0,6.375,12.296296296296296,1.59,3.93,6.74,2018/2019
2018-12-05,Fulham,Leicester,1,1,1,0,D,25,13,7,5,10,8,12,7,EPL,1.47593,1.21575,7.0,2.0,12.5,8.153846153846153,2.99,3.48,2.45,2018/2019
2018-12-05,Man United,Arsenal,2,2,1,1,D,10,9,7,4,4,4,13,10,EPL,1.33679,1.73226,4.0,10.0,7.6923076923076925,18.142857142857142,2.43,3.52,2.95,2018/2019
2018-12-05,Tottenham,Southampton,3,1,1,0,H,13,18,8,5,8,6,7,5,EPL,1.73642,1.82434,5.0,7.0,17.214285714285715,15.95,1.37,5.09,9.38,2018/2019
2018-12-05,Wolves,Chelsea,2,1,0,1,H,6,17,2,3,1,5,18,10,EPL,0.682893,1.10702,3.0,5.0,12.0,7.136363636363637,4.91,3.77,1.79,2018/2019
2018-12-08,Arsenal,Huddersfield,1,0,0,0,H,14,6,2,0,7,1,13,20,EPL,2.02156,0.308361,8.0,2.0,5.583333333333333,10.620689655172416,1.27,6.03,12.16,2018/2019
2018-12-08,Bournemouth,Liverpool,0,4,0,1,A,8,10,2,4,6,6,9,11,EPL,0.279142,1.80619,4.0,9.0,13.708333333333334,10.80952380952381,5.87,4.46,1.58,2018/2019
2018-12-08,Burnley,Brighton,1,0,1,0,H,14,14,4,1,2,7,11,11,EPL,1.81251,0.951507,8.0,3.0,14.75,9.375,2.85,3.16,2.78,2018/2019
2018-12-08,Cardiff,Southampton,1,0,0,0,H,13,12,4,1,7,7,9,10,EPL,1.55832,0.501128,7.0,1.0,15.333333333333334,3.863636363636364,2.88,3.27,2.66,2018/2019
2018-12-08,Chelsea,Man City,2,0,1,0,H,8,14,5,4,1,13,12,11,EPL,0.526329,0.740048,3.0,11.0,17.565217391304348,8.342857142857143,3.92,3.76,1.97,2018/2019
2018-12-08,Leicester,Tottenham,0,2,0,1,A,11,7,3,2,6,5,12,7,EPL,0.357742,0.917968,2.0,9.0,15.181818181818182,10.409090909090908,3.85,3.62,2.02,2018/2019
2018-12-08,Man United,Fulham,4,1,3,0,H,20,10,11,4,10,3,11,15,EPL,3.15444,1.23251,10.0,5.0,6.275862068965517,16.304347826086957,1.35,5.36,9.59,2018/2019
2018-12-08,West Ham,Crystal Palace,3,2,0,1,H,13,8,6,4,5,3,10,8,EPL,1.53635,0.934613,4.0,4.0,12.3,10.285714285714286,2.27,3.38,3.39,2018/2019
2018-12-09,Newcastle,Wolves,1,2,1,1,A,12,13,4,6,4,6,10,17,EPL,0.4601,1.57799,5.0,3.0,18.0,17.6,2.95,3.15,2.66,2018/2019
2018-12-10,Everton,Watford,2,2,1,0,D,12,15,5,3,6,6,13,13,EPL,1.72686,1.63043,9.0,5.0,7.15,7.357142857142857,1.76,3.82,4.95,2018/2019
2018-12-15,Crystal Palace,Leicester,1,0,1,0,H,8,12,1,2,4,4,10,8,EPL,0.39698,0.895305,6.0,4.0,8.242424242424242,6.862068965517241,2.66,3.14,2.97,2018/2019
2018-12-15,Fulham,West Ham,0,2,0,2,A,16,6,4,3,6,4,14,10,EPL,1.03424,0.75325,4.0,7.0,8.130434782608695,11.818181818181818,2.96,3.57,2.44,2018/2019
2018-12-15,Huddersfield,Newcastle,0,1,0,0,A,15,8,5,5,10,1,5,13,EPL,0.671382,0.931041,7.0,3.0,4.208333333333333,18.75,2.66,3.04,3.07,2018/2019
2018-12-15,Man City,Everton,3,1,1,0,H,13,9,5,2,6,2,7,9,EPL,1.79848,1.6235,6.0,4.0,8.666666666666666,24.176470588235293,1.21,7.13,13.56,2018/2019
2018-12-15,Tottenham,Burnley,1,0,0,0,H,15,4,3,0,8,3,7,8,EPL,1.74625,0.451196,11.0,4.0,7.071428571428571,18.166666666666668,1.17,7.94,18.34,2018/2019
2018-12-15,Watford,Cardiff,3,2,1,0,H,17,10,8,3,5,0,7,5,EPL,1.64998,0.485768,11.0,2.0,5.625,23.8,1.63,3.92,6.16,2018/2019
2018-12-15,Wolves,Bournemouth,2,0,1,0,H,9,13,3,3,5,3,15,7,EPL,2.02223,0.52685,3.0,4.0,15.23076923076923,20.0,1.97,3.54,4.16,2018/2019
2018-12-16,Brighton,Chelsea,1,2,0,2,A,6,10,2,3,4,1,14,6,EPL,0.26126,1.6111,2.0,3.0,13.785714285714286,15.05,7.41,4.43,1.5,2018/2019
2018-12-16,Liverpool,Man United,3,1,1,1,H,36,6,11,2,13,2,6,14,EPL,2.60435,0.658049,12.0,2.0,8.588235294117647,14.470588235294118,1.53,4.46,6.44,2018/2019
2018-12-16,Southampton,Arsenal,3,2,2,1,H,12,13,7,4,4,5,12,10,EPL,1.21163,1.85763,2.0,7.0,13.516129032258064,8.833333333333334,3.97,3.86,1.94,2018/2019
2018-12-21,Wolves,Liverpool,0,2,0,1,A,11,15,5,6,1,10,7,3,EPL,0.763821,2.16356,3.0,10.0,14.153846153846152,15.266666666666667,6.71,4.01,1.58,2018/2019
2018-12-22,Arsenal,Burnley,3,1,1,0,H,10,7,6,2,1,3,10,14,EPL,1.4656,1.03237,9.0,4.0,8.0,13.6,1.24,6.35,14.99,2018/2019
2018-12-22,Bournemouth,Brighton,2,0,1,0,H,14,10,3,5,6,5,8,18,EPL,0.892502,0.825478,10.0,6.0,10.36842105263158,10.517241379310343,1.93,3.59,4.31,2018/2019
2018-12-22,Cardiff,Man United,1,5,1,3,A,9,17,3,9,4,7,13,13,EPL,1.27173,2.72523,1.0,10.0,20.27777777777778,4.142857142857143,6.26,4.12,1.59,2018/2019
2018-12-22,Chelsea,Leicester,0,1,0,0,A,17,8,5,3,9,5,10,9,EPL,2.40458,0.456492,10.0,5.0,4.608695652173913,16.55,1.32,5.42,11.09,2018/2019
2018-12-22,Huddersfield,Southampton,1,3,0,2,A,16,13,5,6,8,2,12,9,EPL,1.0038,2.60172,8.0,6.0,4.212121212121212,15.105263157894736,3.07,3.08,2.63,2018/2019
2018-12-22,Man City,Crystal Palace,2,3,1,2,A,19,5,5,3,13,0,7,6,EPL,1.27118,1.14609,16.0,0.0,4.4,24.25,1.14,9.35,21.62,2018/2019
2018-12-22,Newcastle,Fulham,0,0,0,0,D,9,4,0,2,6,0,9,12,EPL,0.289508,0.245408,7.0,5.0,8.875,17.625,2.0,3.57,4.04,2018/2019
2018-12-22,West Ham,Watford,0,2,0,1,A,18,11,7,5,10,4,9,11,EPL,2.06507,2.32983,6.0,9.0,6.791666666666667,8.043478260869565,2.36,3.49,3.12,2018/2019
2018-12-23,Everton,Tottenham,2,6,1,3,A,10,17,3,8,2,1,13,9,EPL,1.00121,2.55514,3.0,5.0,14.892857142857142,10.65,3.22,3.47,2.31,2018/2019
2018-12-26,Brighton,Arsenal,1,1,1,1,D,12,7,3,4,4,9,10,4,EPL,1.38502,0.789138,8.0,10.0,19.70833333333333,14.454545454545457,5.19,3.86,1.73,2018/2019
2018-12-26,Burnley,Everton,1,5,1,3,A,11,13,4,6,5,7,11,19,EPL,1.88646,1.8875,3.0,6.0,10.043478260869565,12.625,4.42,3.48,1.94,2018/2019
2018-12-26,Crystal Palace,Cardiff,0,0,0,0,D,31,9,5,4,12,1,9,11,EPL,2.43202,1.05926,18.0,5.0,8.916666666666666,11.7,1.65,3.92,5.91,2018/2019
2018-12-26,Fulham,Wolves,1,1,0,0,D,11,14,9,5,2,0,9,6,EPL,1.2769,1.35896,4.0,2.0,21.6,7.894736842105263,3.25,3.3,2.39,2018/2019
2018-12-26,Leicester,Man City,2,1,1,1,H,10,11,5,4,3,7,5,8,EPL,1.55714,1.34781,6.0,20.0,33.22222222222222,6.2,9.66,5.2,1.36,2018/2019
2018-12-26,Liverpool,Newcastle,4,0,1,0,H,16,6,8,2,10,2,7,9,EPL,3.24988,0.456309,19.0,0.0,4.6,24.77777777777778,1.16,8.32,19.15,2018/2019
2018-12-26,Man United,Huddersfield,3,1,1,0,H,16,10,10,2,5,3,9,13,EPL,1.79848,1.40594,9.0,5.0,6.958333333333333,14.521739130434783,1.23,6.57,14.2,2018/2019
2018-12-26,Tottenham,Bournemouth,5,0,3,0,H,10,14,7,4,3,4,4,8,EPL,2.23457,1.21736,8.0,9.0,17.666666666666668,16.96,1.36,5.36,9.5,2018/2019
2018-12-26,Watford,Chelsea,1,2,1,1,A,10,10,2,4,3,4,15,5,EPL,1.24414,2.1956,7.0,8.0,14.884615384615383,13.4,5.03,3.82,1.75,2018/2019
2018-12-27,Southampton,West Ham,1,2,0,0,A,11,16,5,5,4,5,10,3,EPL,1.28665,1.26973,6.0,6.0,10.5,8.11111111111111,2.27,3.49,3.28,2018/2019
2018-12-29,Brighton,Everton,1,0,0,0,H,11,13,3,4,6,6,10,11,EPL,1.60311,0.655851,4.0,5.0,9.23076923076923,13.0,3.45,3.38,2.2,2018/2019
2018-12-29,Fulham,Huddersfield,1,0,0,0,H,14,9,5,5,4,3,12,10,EPL,1.72386,0.276791,5.0,5.0,18.31578947368421,16.083333333333332,2.06,3.3,4.0,2018/2019
2018-12-29,Leicester,Cardiff,0,1,0,0,A,16,12,7,3,10,4,14,16,EPL,1.51648,0.493212,9.0,3.0,7.538461538461538,9.074074074074074,1.57,4.18,6.22,2018/2019
2018-12-29,Liverpool,Arsenal,5,1,4,1,H,15,8,10,2,5,3,8,13,EPL,3.7053,1.08186,12.0,6.0,13.785714285714286,9.387096774193548,1.49,4.74,6.46,2018/2019
2018-12-29,Tottenham,Wolves,1,3,1,0,A,10,11,3,4,6,7,7,7,EPL,0.277704,1.20867,3.0,5.0,9.076923076923077,41.7,1.35,5.08,9.5,2018/2019
2018-12-29,Watford,Newcastle,1,1,0,1,D,12,8,5,2,3,6,17,16,EPL,1.05566,0.661713,11.0,3.0,6.818181818181818,12.807692307692308,1.81,3.68,4.66,2018/2019
2018-12-30,Burnley,West Ham,2,0,2,0,H,17,11,5,4,5,5,15,11,EPL,2.89884,0.656044,9.0,3.0,7.4375,10.866666666666667,3.31,3.41,2.26,2018/2019
2018-12-30,Crystal Palace,Chelsea,0,1,0,0,A,4,12,0,4,3,4,11,8,EPL,0.199002,0.741471,2.0,6.0,32.75,8.37037037037037,5.04,3.89,1.71,2018/2019
2018-12-30,Man United,Bournemouth,4,1,3,1,H,11,7,8,3,4,5,10,7,EPL,3.41874,0.705549,10.0,3.0,11.105263157894736,38.16666666666666,1.35,5.21,9.12,2018/2019
2018-12-30,Southampton,Man City,1,3,1,3,A,5,14,4,6,3,8,11,10,EPL,0.221381,2.96802,4.0,12.0,34.61538461538461,7.4375,9.99,5.51,1.32,2018/2019
2019-01-01,Arsenal,Fulham,4,1,1,0,H,16,9,9,4,8,3,7,12,EPL,4.43325,1.71312,21.0,5.0,10.75,12.541666666666666,1.34,5.52,9.5,2018/2019
2019-01-01,Cardiff,Tottenham,0,3,0,3,A,6,13,3,4,5,3,6,6,EPL,1.0789,1.38282,4.0,4.0,33.05263157894737,12.545454545454543,7.17,4.46,1.49,2018/2019
2019-01-01,Everton,Leicester,0,1,0,0,A,17,8,2,4,6,5,5,8,EPL,0.871304,0.644144,10.0,2.0,5.645161290322581,14.72222222222222,2.01,3.47,4.08,2018/2019
2019-01-02,Bournemouth,Watford,3,3,3,3,D,25,11,12,3,4,2,9,15,EPL,2.84828,0.977046,9.0,9.0,11.294117647058824,17.666666666666668,2.6,3.51,2.78,2018/2019
2019-01-02,Chelsea,Southampton,0,0,0,0,D,17,6,6,2,7,2,8,11,EPL,0.850791,0.158168,7.0,0.0,7.411764705882353,13.0,1.27,6.14,12.05,2018/2019
2019-01-02,Huddersfield,Burnley,1,2,1,1,A,9,16,2,8,5,2,11,9,EPL,0.621818,2.66309,1.0,7.0,19.0,6.913043478260869,2.14,3.13,4.1,2018/2019
2019-01-02,Newcastle,Man United,0,2,0,0,A,14,16,3,7,1,2,10,9,EPL,0.691878,2.6754,6.0,10.0,17.958333333333332,10.705882352941176,6.03,4.28,1.58,2018/2019
2019-01-02,West Ham,Brighton,2,2,0,0,D,13,13,6,6,1,5,9,11,EPL,0.639356,0.686806,4.0,2.0,11.526315789473683,10.444444444444445,1.95,3.64,4.06,2018/2019
2019-01-02,Wolves,Crystal Palace,0,2,0,0,A,9,17,1,4,3,10,9,7,EPL,0.656255,1.94658,2.0,3.0,10.5,14.227272727272728,2.01,3.38,4.22,2018/2019
2019-01-03,Man City,Liverpool,2,1,1,0,H,9,7,4,5,2,1,12,7,EPL,1.00357,1.3801,9.0,8.0,10.757575757575758,25.928571428571427,2.05,3.8,3.55,2018/2019
2019-01-12,Brighton,Liverpool,0,1,0,0,A,7,10,0,3,2,7,15,5,EPL,0.384198,2.2665,4.0,16.0,23.789473684210527,15.9,10.32,5.6,1.32,2018/2019
2019-01-12,Burnley,Fulham,2,1,2,1,H,11,12,0,4,2,6,5,9,EPL,0.809801,0.903255,3.0,2.0,13.28,10.63157894736842,2.37,3.26,3.29,2018/2019
2019-01-12,Cardiff,Huddersfield,0,0,0,0,D,3,14,0,2,3,10,12,14,EPL,0.124558,0.39468,0.0,7.0,7.0,5.0,2.25,3.18,3.66,2018/2019
2019-01-12,Chelsea,Newcastle,2,1,1,1,H,10,9,6,2,8,5,6,13,EPL,1.32355,0.395148,7.0,5.0,8.863636363636363,15.0,1.21,6.79,15.24,2018/2019
2019-01-12,Crystal Palace,Watford,1,2,1,0,A,15,16,6,2,7,7,11,11,EPL,1.1617,1.56262,8.0,4.0,8.2,9.842105263157896,2.24,3.38,3.46,2018/2019
2019-01-12,Leicester,Southampton,1,2,0,2,A,23,8,6,3,10,3,7,9,EPL,1.75983,1.41659,12.0,3.0,4.944444444444445,10.38888888888889,1.92,3.52,4.4,2018/2019
2019-01-12,West Ham,Arsenal,1,0,0,0,H,11,11,3,2,7,3,7,10,EPL,0.669394,0.685895,7.0,8.0,13.538461538461538,9.95,3.46,3.91,2.06,2018/2019
2019-01-13,Everton,Bournemouth,2,0,0,0,H,15,16,3,7,5,9,17,8,EPL,1.7814,1.52828,6.0,8.0,6.107142857142857,11.11111111111111,1.75,3.94,4.82,2018/2019
2019-01-13,Tottenham,Man United,0,1,0,1,A,21,13,11,8,7,4,8,8,EPL,1.80359,0.957777,15.0,2.0,6.275862068965517,20.25,2.05,3.65,3.7,2018/2019
2019-01-14,Man City,Wolves,3,0,2,0,H,24,3,9,0,12,1,6,3,EPL,3.11947,0.0985446,21.0,1.0,6.076923076923077,43.57142857142857,1.18,7.74,17.2,2018/2019
2019-01-19,Arsenal,Chelsea,2,0,2,0,H,13,13,5,1,5,6,13,15,EPL,2.09412,0.755304,5.0,19.0,9.617647058823527,6.3125,3.07,3.59,2.36,2018/2019
2019-01-19,Bournemouth,West Ham,2,0,0,0,H,10,9,4,1,2,3,6,10,EPL,1.24835,0.971813,3.0,6.0,15.85,11.470588235294118,2.35,3.65,3.02,2018/2019
2019-01-19,Liverpool,Crystal Palace,4,3,0,1,H,19,9,9,3,8,3,6,8,EPL,2.8299,0.695213,14.0,3.0,6.25925925925926,36.7,1.19,7.49,17.02,2018/2019
2019-01-19,Man United,Brighton,2,1,2,0,H,20,7,5,3,6,5,11,11,EPL,2.64005,0.635111,5.0,2.0,17.75,17.294117647058822,1.3,5.59,11.48,2018/2019
2019-01-19,Newcastle,Cardiff,3,0,1,0,H,16,9,6,1,7,10,11,6,EPL,2.518,0.255727,7.0,9.0,5.391304347826087,9.4,1.97,3.34,4.48,2018/2019
2019-01-19,Southampton,Everton,2,1,0,0,H,11,7,4,2,7,6,12,11,EPL,1.06009,1.31169,4.0,9.0,8.0,7.5,2.72,3.38,2.72,2018/2019
2019-01-19,Watford,Burnley,0,0,0,0,D,9,11,4,3,1,7,14,9,EPL,1.06981,1.97256,7.0,8.0,6.714285714285714,12.5,1.64,4.01,5.82,2018/2019
2019-01-19,Wolves,Leicester,4,3,2,0,H,12,16,7,6,5,9,11,10,EPL,2.21719,1.33831,8.0,9.0,9.125,8.909090909090908,2.36,3.18,3.44,2018/2019
2019-01-20,Fulham,Tottenham,1,2,1,0,A,12,14,4,5,7,10,10,8,EPL,0.937902,1.93316,5.0,13.0,21.0,6.1,5.37,3.72,1.74,2018/2019
2019-01-20,Huddersfield,Man City,0,3,0,1,A,5,12,2,4,1,4,10,9,EPL,0.764264,2.01376,1.0,13.0,21.22222222222222,9.27777777777778,20.63,8.32,1.15,2018/2019
2019-01-29,Arsenal,Cardiff,2,1,0,0,H,15,19,4,2,4,7,14,12,EPL,2.69339,0.597893,21.0,2.0,7.357142857142857,28.90909090909091,1.21,6.73,14.64,2018/2019
2019-01-29,Fulham,Brighton,4,2,0,2,H,24,15,7,6,10,1,10,5,EPL,3.46113,2.36867,6.0,5.0,9.842105263157896,16.727272727272727,2.39,3.26,3.29,2018/2019
2019-01-29,Huddersfield,Everton,0,1,0,1,A,10,10,2,5,3,4,13,10,EPL,0.73078,1.05995,2.0,3.0,9.80952380952381,10.035714285714286,4.04,3.28,2.09,2018/2019
2019-01-29,Man United,Burnley,2,2,0,0,D,28,6,9,4,11,3,10,9,EPL,3.23417,0.934603,16.0,2.0,7.357142857142857,17.95,1.28,5.88,12.23,2018/2019
2019-01-29,Newcastle,Man City,2,1,0,1,H,6,12,2,4,1,8,9,7,EPL,0.992326,1.33896,2.0,11.0,21.26315789473684,4.458333333333333,17.14,7.42,1.19,2018/2019
2019-01-29,Wolves,West Ham,3,0,0,0,H,20,4,9,0,5,1,8,10,EPL,2.0363,0.130179,7.0,4.0,11.944444444444445,13.35,2.09,3.47,3.81,2018/2019
2019-01-30,Bournemouth,Chelsea,4,0,0,0,H,12,11,7,7,3,7,8,6,EPL,2.15094,0.718873,10.0,13.0,20.625,9.571428571428571,5.51,4.16,1.64,2018/2019
2019-01-30,Liverpool,Leicester,1,1,1,1,D,10,5,3,2,7,1,13,6,EPL,0.576336,1.1272,12.0,6.0,4.354838709677419,25.5625,1.23,6.64,14.03,2018/2019
2019-01-30,Southampton,Crystal Palace,1,1,0,1,D,13,15,4,3,3,8,11,8,EPL,1.33257,1.53294,6.0,7.0,5.90625,27.181818181818183,2.38,3.37,3.2,2018/2019
2019-01-30,Tottenham,Watford,2,1,0,1,H,17,9,3,1,9,5,6,9,EPL,1.36248,0.479838,11.0,3.0,7.470588235294118,16.61111111111111,1.65,3.97,5.8,2018/2019
2019-02-02,Brighton,Watford,0,0,0,0,D,21,5,4,0,7,0,15,10,EPL,1.83528,0.279297,8.0,4.0,5.588235294117647,9.8,2.6,3.26,2.96,2018/2019
2019-02-02,Burnley,Southampton,1,1,0,0,D,15,10,6,4,4,2,10,9,EPL,2.00175,0.787747,9.0,4.0,9.75,7.785714285714286,2.56,3.38,2.92,2018/2019
2019-02-02,Cardiff,Bournemouth,2,0,1,0,H,12,9,5,2,6,7,17,14,EPL,2.53093,0.35199,5.0,9.0,14.454545454545457,4.611111111111111,3.27,3.47,2.3,2018/2019
2019-02-02,Chelsea,Huddersfield,5,0,2,0,H,23,5,7,2,11,2,8,5,EPL,2.94236,0.260391,19.0,1.0,7.606060606060606,21.57894736842105,1.2,7.11,17.33,2018/2019
2019-02-02,Crystal Palace,Fulham,2,0,1,0,H,17,8,6,0,11,1,9,12,EPL,2.19582,0.560836,7.0,2.0,14.22222222222222,11.714285714285714,2.04,3.52,3.92,2018/2019
2019-02-02,Everton,Wolves,1,3,1,2,A,13,8,4,4,3,1,12,14,EPL,1.36252,1.85729,6.0,2.0,7.095238095238095,12.416666666666666,2.4,3.36,3.17,2018/2019
2019-02-02,Tottenham,Newcastle,1,0,0,0,H,21,8,4,2,6,3,6,6,EPL,3.10409,0.400152,12.0,0.0,8.705882352941176,23.571428571428573,1.44,4.42,9.09,2018/2019
2019-02-03,Leicester,Man United,0,1,0,1,A,17,10,6,6,7,2,14,9,EPL,1.40067,1.49717,8.0,4.0,11.461538461538462,11.8125,3.68,3.44,2.14,2018/2019
2019-02-03,Man City,Arsenal,3,1,2,1,H,19,4,12,2,4,2,11,8,EPL,3.03102,0.703542,22.0,3.0,8.7,15.65,1.31,6.12,9.14,2018/2019
2019-02-04,West Ham,Liverpool,1,1,1,1,D,13,11,2,6,2,5,9,11,EPL,0.791319,1.12475,6.0,5.0,17.0,4.782608695652174,8.0,5.19,1.39,2018/2019
2019-02-06,Everton,Man City,0,2,0,1,A,4,15,1,4,5,6,12,6,EPL,0.111559,2.60922,4.0,15.0,15.65,8.0,10.15,5.9,1.31,2018/2019
2019-02-09,Brighton,Burnley,1,3,0,1,A,16,9,6,5,9,3,8,7,EPL,1.31614,1.83041,9.0,4.0,9.636363636363637,35.0,2.05,3.33,4.17,2018/2019
2019-02-09,Crystal Palace,West Ham,1,1,0,1,D,25,6,5,4,10,4,12,9,EPL,2.68412,1.74711,19.0,7.0,9.052631578947368,16.375,2.12,3.46,3.73,2018/2019
2019-02-09,Fulham,Man United,0,3,0,2,A,15,15,3,7,5,4,14,9,EPL,2.18741,2.13209,4.0,17.0,7.793103448275862,14.555555555555555,5.39,4.34,1.63,2018/2019
2019-02-09,Huddersfield,Arsenal,1,2,0,2,A,15,9,6,4,5,0,17,12,EPL,1.96816,1.46751,6.0,10.0,4.327272727272727,9.954545454545457,5.81,4.26,1.61,2018/2019
2019-02-09,Liverpool,Bournemouth,3,0,2,0,H,20,12,9,2,8,5,14,6,EPL,2.53003,0.390995,17.0,5.0,7.103448275862069,36.45454545454545,1.2,7.34,14.91,2018/2019
2019-02-09,Southampton,Cardiff,1,2,0,0,A,14,6,7,3,8,2,15,12,EPL,1.70666,0.980673,6.0,3.0,3.703703703703704,15.941176470588236,1.77,3.74,5.06,2018/2019
2019-02-09,Watford,Everton,1,0,0,0,H,7,9,2,4,8,2,21,10,EPL,1.53311,0.641094,7.0,3.0,6.27027027027027,5.681818181818182,2.37,3.44,3.19,2018/2019
2019-02-10,Man City,Chelsea,6,0,4,0,H,15,12,9,4,2,2,9,13,EPL,4.04218,0.901867,11.0,8.0,14.95,22.80952380952381,1.51,4.6,6.73,2018/2019
2019-02-10,Tottenham,Leicester,3,1,1,0,H,12,20,5,9,2,9,11,4,EPL,1.21144,3.02164,5.0,9.0,9.590909090909092,13.045454545454543,1.7,3.83,5.55,2018/2019
2019-02-11,Wolves,Newcastle,1,1,0,0,D,22,9,6,3,13,1,7,9,EPL,2.30998,0.435263,6.0,3.0,9.869565217391305,15.0,1.7,3.74,5.8,2018/2019
2019-02-22,Cardiff,Watford,1,5,0,1,A,15,12,6,7,3,3,10,11,EPL,1.90045,2.75798,5.0,8.0,15.5,5.625,3.07,3.36,2.45,2018/2019
2019-02-22,West Ham,Fulham,3,1,2,1,H,21,8,7,5,12,0,11,11,EPL,2.72871,1.23555,18.0,4.0,7.048780487804878,13.045454545454543,1.94,3.73,4.07,2018/2019
2019-02-23,Bournemouth,Wolves,1,1,1,0,D,10,10,3,2,9,8,10,15,EPL,2.13291,1.20286,6.0,3.0,9.833333333333334,6.25925925925926,2.86,3.34,2.64,2018/2019
2019-02-23,Burnley,Tottenham,2,1,0,0,H,10,17,4,6,7,6,9,12,EPL,1.08514,0.845211,4.0,4.0,11.130434782608695,4.235294117647059,5.5,3.83,1.7,2018/2019
2019-02-23,Leicester,Crystal Palace,1,4,0,1,A,27,7,5,5,8,3,7,14,EPL,0.946697,1.57739,8.0,3.0,7.904761904761905,15.117647058823527,2.22,3.34,3.59,2018/2019
2019-02-23,Newcastle,Huddersfield,2,0,0,0,H,29,3,12,1,12,0,11,7,EPL,3.03313,0.133934,14.0,2.0,12.391304347826088,39.75,1.82,3.41,5.3,2018/2019
2019-02-24,Arsenal,Southampton,2,0,2,0,H,12,10,4,4,6,4,7,14,EPL,2.35088,0.613167,19.0,2.0,11.538461538461538,11.714285714285714,1.52,4.54,6.64,2018/2019
2019-02-24,Man United,Liverpool,0,0,0,0,D,6,7,3,1,3,7,15,17,EPL,0.474869,0.380519,5.0,10.0,12.72,5.967741935483871,3.12,3.53,2.35,2018/2019
2019-02-26,Cardiff,Everton,0,3,0,1,A,6,12,0,4,3,4,12,12,EPL,0.219359,1.14212,5.0,5.0,8.34375,4.888888888888889,3.81,3.36,2.12,2018/2019
2019-02-26,Huddersfield,Wolves,1,0,0,0,H,15,7,3,0,3,5,10,10,EPL,1.46224,0.573166,6.0,1.0,8.153846153846153,14.9375,5.11,3.4,1.85,2018/2019
2019-02-26,Leicester,Brighton,2,1,1,0,H,19,15,3,3,4,8,6,4,EPL,1.92171,1.20566,11.0,6.0,15.125,31.125,1.91,3.46,4.53,2018/2019
2019-02-26,Newcastle,Burnley,2,0,2,0,H,12,12,3,2,4,7,8,8,EPL,1.70312,1.74201,4.0,7.0,11.352941176470589,11.947368421052632,2.14,3.27,3.9,2018/2019
2019-02-27,Arsenal,Bournemouth,5,1,2,1,H,16,13,6,5,9,4,11,9,EPL,3.18716,0.88618,13.0,7.0,12.933333333333334,19.63157894736842,1.44,4.9,7.48,2018/2019
2019-02-27,Chelsea,Tottenham,2,0,0,0,H,11,9,1,0,2,2,7,14,EPL,0.625978,0.722229,5.0,6.0,16.842105263157894,7.636363636363637,2.29,3.47,3.28,2018/2019
2019-02-27,Crystal Palace,Man United,1,3,0,1,A,17,13,2,4,5,6,8,9,EPL,1.69334,1.54089,2.0,5.0,14.944444444444445,9.272727272727272,3.2,3.46,2.34,2018/2019
2019-02-27,Liverpool,Watford,5,0,2,0,H,19,5,10,3,6,4,5,7,EPL,2.74266,0.630423,11.0,3.0,11.65,25.0,1.28,5.73,11.86,2018/2019
2019-02-27,Man City,West Ham,1,0,0,0,H,20,2,7,1,12,2,2,6,EPL,3.67741,0.400125,24.0,3.0,9.5,41.11111111111112,1.15,8.6,19.24,2018/2019
2019-02-27,Southampton,Fulham,2,0,2,0,H,14,14,4,4,7,4,15,13,EPL,1.15823,0.798715,6.0,4.0,11.3,11.333333333333334,1.92,3.62,4.31,2018/2019
2019-03-02,Bournemouth,Man City,0,1,0,0,A,0,23,0,7,0,14,7,7,EPL,0.0,1.59515,0.0,16.0,33.45454545454545,6.071428571428571,12.18,7.31,1.22,2018/2019
2019-03-02,Brighton,Huddersfield,1,0,0,0,H,13,6,4,4,6,3,11,6,EPL,1.39896,0.2014,5.0,1.0,11.0,14.941176470588236,1.83,3.48,5.16,2018/2019
2019-03-02,Burnley,Crystal Palace,1,3,0,1,A,18,10,4,4,8,5,9,9,EPL,1.90872,0.706284,12.0,5.0,7.238095238095238,14.714285714285714,2.84,3.28,2.68,2018/2019
2019-03-02,Man United,Southampton,3,2,0,1,H,16,6,6,3,9,7,7,10,EPL,2.54216,0.578485,9.0,5.0,7.333333333333333,15.6,1.45,4.48,8.22,2018/2019
2019-03-02,Tottenham,Arsenal,1,1,0,1,D,10,9,3,4,3,4,15,14,EPL,1.76818,3.45713,7.0,6.0,6.619047619047619,9.161290322580646,2.04,3.69,3.73,2018/2019
2019-03-02,West Ham,Newcastle,2,0,2,0,H,10,17,4,2,1,6,8,14,EPL,1.88895,1.18549,5.0,12.0,11.63157894736842,11.51851851851852,2.11,3.49,3.7,2018/2019
2019-03-02,Wolves,Cardiff,2,0,2,0,H,13,12,6,4,7,8,11,6,EPL,3.2075,0.702261,7.0,3.0,8.866666666666667,9.827586206896552,1.51,4.27,7.49,2018/2019
2019-03-03,Everton,Liverpool,0,0,0,0,D,7,10,3,3,3,7,12,10,EPL,0.241879,0.811272,1.0,11.0,14.526315789473683,6.913043478260869,5.87,4.06,1.63,2018/2019
2019-03-03,Fulham,Chelsea,1,2,1,2,A,12,20,5,7,5,4,11,10,EPL,0.898469,1.53632,4.0,13.0,20.38095238095238,10.130434782608695,6.62,4.5,1.52,2018/2019
2019-03-03,Watford,Leicester,2,1,1,0,H,6,14,5,2,1,5,15,12,EPL,1.36515,0.794683,4.0,2.0,12.4,13.0,2.5,3.34,3.04,2018/2019
2019-03-09,Cardiff,West Ham,2,0,1,0,H,16,9,7,2,7,5,7,12,EPL,3.49275,0.295869,4.0,6.0,16.263157894736842,4.166666666666667,3.52,3.43,2.19,2018/2019
2019-03-09,Crystal Palace,Brighton,1,2,0,1,A,15,4,3,3,8,0,8,18,EPL,1.44291,0.129312,12.0,2.0,8.173913043478262,11.3,1.85,3.5,4.9,2018/2019
2019-03-09,Huddersfield,Bournemouth,0,2,0,1,A,8,8,1,5,6,5,14,9,EPL,0.339087,2.16389,7.0,13.0,6.285714285714286,13.058823529411764,3.48,3.26,2.3,2018/2019
2019-03-09,Leicester,Fulham,3,1,1,0,H,18,6,8,3,6,5,9,13,EPL,2.13494,0.15103,8.0,2.0,10.75,13.904761904761903,1.59,4.33,5.88,2018/2019
2019-03-09,Man City,Watford,3,1,0,0,H,19,2,9,1,9,1,11,7,EPL,3.75714,0.407168,22.0,4.0,8.238095238095237,38.625,1.15,8.57,19.52,2018/2019
2019-03-09,Newcastle,Everton,3,2,0,2,H,19,7,7,3,8,2,13,10,EPL,2.37896,1.15114,7.0,10.0,9.782608695652174,6.555555555555555,2.82,3.17,2.78,2018/2019
2019-03-09,Southampton,Tottenham,2,1,0,1,H,12,16,4,5,1,10,16,9,EPL,2.07772,1.26876,5.0,5.0,8.34375,8.714285714285714,4.36,3.76,1.87,2018/2019
2019-03-10,Arsenal,Man United,2,0,1,0,H,14,14,3,4,5,2,12,18,EPL,1.52723,2.3703,9.0,7.0,12.904761904761903,8.12,2.42,3.56,2.96,2018/2019
2019-03-10,Chelsea,Wolves,1,1,0,0,D,22,2,6,1,13,0,8,14,EPL,1.0471,0.609079,8.0,2.0,5.913043478260869,20.33333333333333,1.57,4.06,6.86,2018/2019
2019-03-10,Liverpool,Burnley,4,2,2,1,H,23,3,5,2,7,3,4,7,EPL,4.12341,0.471571,15.0,3.0,8.571428571428571,14.909090909090908,1.16,7.95,20.22,2018/2019
2019-03-16,Bournemouth,Newcastle,2,2,0,1,D,10,12,3,4,6,6,9,12,EPL,1.61666,1.02847,4.0,8.0,13.375,10.7,2.09,3.44,3.77,2018/2019
2019-03-16,Burnley,Leicester,1,2,1,1,A,13,9,2,4,9,3,9,10,EPL,1.17008,0.608954,13.0,4.0,7.352941176470588,20.0,3.14,3.36,2.42,2018/2019
2019-03-16,West Ham,Huddersfield,4,3,1,2,H,16,15,5,5,5,8,7,15,EPL,1.88114,1.66909,16.0,1.0,6.833333333333333,13.954545454545457,1.56,4.07,6.8,2018/2019
2019-03-17,Everton,Chelsea,2,0,0,0,H,15,16,8,5,3,4,17,9,EPL,2.24031,1.24394,3.0,12.0,13.333333333333334,8.380952380952381,4.08,3.64,1.96,2018/2019
2019-03-17,Fulham,Liverpool,1,2,0,1,A,7,16,2,6,1,10,11,7,EPL,0.915765,2.73437,4.0,14.0,21.615384615384617,7.88,12.92,6.46,1.25,2018/2019
2019-03-30,Brighton,Southampton,0,1,0,0,A,14,8,1,2,6,5,8,10,EPL,0.560521,0.857436,8.0,12.0,5.625,10.64,2.58,3.14,3.09,2018/2019
2019-03-30,Burnley,Wolves,2,0,1,0,H,5,8,1,1,1,5,12,10,EPL,0.572695,0.397928,2.0,4.0,12.869565217391305,10.642857142857142,3.18,3.21,2.48,2018/2019
2019-03-30,Crystal Palace,Huddersfield,2,0,0,0,H,19,15,5,5,5,5,10,7,EPL,2.84701,0.926991,9.0,5.0,13.470588235294118,10.818181818181818,1.45,4.37,8.72,2018/2019
2019-03-30,Fulham,Man City,0,2,0,2,A,5,24,0,7,0,11,4,12,EPL,0.661491,2.31513,3.0,14.0,34.0,8.5,21.26,9.89,1.13,2018/2019
2019-03-30,Leicester,Bournemouth,2,0,1,0,H,18,8,4,2,6,1,6,12,EPL,1.8935,0.790333,8.0,5.0,14.0,11.857142857142858,1.84,3.81,4.48,2018/2019
2019-03-30,Man United,Watford,2,1,1,0,H,8,20,5,8,3,5,14,9,EPL,1.98052,1.35208,12.0,19.0,10.705882352941176,11.705882352941176,1.44,4.78,7.75,2018/2019
2019-03-30,West Ham,Everton,0,2,0,2,A,3,17,1,9,4,9,7,14,EPL,0.0891639,2.65983,2.0,12.0,11.947368421052632,7.558823529411764,2.54,3.45,2.88,2018/2019
2019-03-31,Cardiff,Chelsea,1,2,0,0,A,8,21,3,3,2,7,8,14,EPL,0.446122,2.07834,3.0,10.0,12.6,3.44,8.43,4.54,1.44,2018/2019
2019-03-31,Liverpool,Tottenham,2,1,1,0,H,14,11,3,2,10,3,5,8,EPL,1.0931,1.04822,8.0,4.0,18.0,19.153846153846157,1.61,4.14,5.92,2018/2019
2019-04-01,Arsenal,Newcastle,2,0,1,0,H,7,3,4,1,6,2,11,10,EPL,1.04458,0.0441445,17.0,2.0,6.260869565217392,16.565217391304348,1.38,5.14,8.77,2018/2019
2019-04-02,Watford,Fulham,4,1,1,1,H,15,17,7,7,6,4,12,5,EPL,1.59338,1.90917,4.0,6.0,12.357142857142858,12.5,1.74,3.88,4.96,2018/2019
2019-04-02,Wolves,Man United,2,1,1,1,H,9,18,2,4,3,5,5,11,EPL,1.65044,2.03847,5.0,7.0,22.0,11.73076923076923,4.04,3.55,1.99,2018/2019
2019-04-03,Chelsea,Brighton,3,0,1,0,H,17,3,4,1,7,1,5,9,EPL,3.12416,0.440898,12.0,2.0,8.384615384615385,23.866666666666667,1.27,5.94,14.51,2018/2019
2019-04-03,Man City,Cardiff,2,0,2,0,H,27,4,11,1,7,4,3,17,EPL,3.53913,0.135788,17.0,2.0,5.1875,48.71428571428572,1.06,14.99,43.48,2018/2019
2019-04-03,Tottenham,Crystal Palace,2,0,0,0,H,26,5,10,1,8,2,8,5,EPL,2.57376,0.564317,12.0,2.0,8.592592592592593,25.5625,1.46,4.72,7.36,2018/2019
2019-04-05,Southampton,Liverpool,1,3,1,1,A,11,17,1,5,7,5,8,7,EPL,0.718394,2.00654,5.0,12.0,16.88888888888889,9.166666666666666,8.98,4.99,1.38,2018/2019
2019-04-06,Bournemouth,Burnley,1,3,1,2,A,10,11,2,3,3,6,12,16,EPL,1.20888,1.38919,9.0,4.0,9.571428571428571,11.238095238095235,2.08,3.58,3.71,2018/2019
2019-04-06,Huddersfield,Leicester,1,4,0,1,A,10,18,4,9,8,5,13,11,EPL,1.62301,3.61876,2.0,2.0,9.6,8.238095238095237,5.22,3.83,1.73,2018/2019
2019-04-06,Newcastle,Crystal Palace,0,1,0,0,A,18,3,5,1,9,4,12,13,EPL,0.943175,0.907988,9.0,4.0,8.4,14.0625,2.58,3.21,3.05,2018/2019
2019-04-07,Everton,Arsenal,1,0,1,0,H,23,7,6,2,9,6,8,9,EPL,2.69396,0.201885,6.0,3.0,9.709677419354838,11.1875,3.03,3.63,2.36,2018/2019
2019-04-08,Chelsea,West Ham,2,0,1,0,H,16,9,7,2,7,4,8,7,EPL,2.23287,0.471195,16.0,7.0,17.76923076923077,12.789473684210526,1.31,5.64,10.24,2018/2019
2019-04-12,Leicester,Newcastle,0,1,0,1,A,12,11,5,5,2,3,6,10,EPL,0.877377,0.945804,5.0,4.0,7.3,20.181818181818183,1.65,3.88,6.0,2018/2019
2019-04-13,Brighton,Bournemouth,0,5,0,1,A,8,14,1,7,4,1,10,6,EPL,0.206731,2.76885,5.0,19.0,11.44,13.941176470588236,2.28,3.35,3.42,2018/2019
2019-04-13,Burnley,Cardiff,2,0,1,0,H,14,14,7,2,8,4,7,10,EPL,2.84358,0.872224,5.0,3.0,8.285714285714286,8.538461538461538,1.9,3.58,4.45,2018/2019
2019-04-13,Fulham,Everton,2,0,0,0,H,12,8,5,1,7,3,8,10,EPL,1.66303,1.29107,6.0,7.0,12.761904761904765,5.388888888888889,4.85,3.95,1.76,2018/2019
2019-04-13,Man United,West Ham,2,1,1,0,H,14,18,4,4,3,11,14,5,EPL,2.65125,1.42817,15.0,10.0,9.258064516129032,11.5,1.4,5.13,8.08,2018/2019
2019-04-13,Southampton,Wolves,3,1,2,1,H,13,17,6,2,4,9,13,8,EPL,3.80842,0.642825,4.0,4.0,13.928571428571429,6.227272727272728,2.64,3.2,2.96,2018/2019
2019-04-13,Tottenham,Huddersfield,4,0,2,0,H,22,7,5,1,4,2,10,12,EPL,2.78596,0.983527,14.0,5.0,8.263157894736842,19.33333333333333,1.21,6.9,15.67,2018/2019
2019-04-14,Crystal Palace,Man City,1,3,0,1,A,7,20,3,6,2,9,5,11,EPL,0.318169,2.86236,5.0,18.0,29.615384615384617,4.814814814814815,10.93,5.64,1.31,2018/2019
2019-04-14,Liverpool,Chelsea,2,0,0,0,H,15,6,7,3,9,2,5,9,EPL,1.30839,0.873177,18.0,5.0,8.153846153846153,16.15,1.65,4.11,5.36,2018/2019
2019-04-15,Watford,Arsenal,0,1,0,1,A,11,19,3,6,6,4,12,8,EPL,1.12595,2.2668,7.0,16.0,15.869565217391305,8.1,3.18,3.74,2.22,2018/2019
2019-04-16,Brighton,Cardiff,0,2,0,1,A,14,10,2,3,5,4,11,13,EPL,0.588539,0.819472,11.0,1.0,5.666666666666667,10.517241379310343,2.01,3.27,4.44,2018/2019
2019-04-20,Bournemouth,Fulham,0,1,0,0,A,15,17,5,5,3,7,11,18,EPL,2.83739,2.61689,8.0,6.0,13.0,13.0,1.66,4.31,5.12,2018/2019
2019-04-20,Huddersfield,Watford,1,2,0,1,A,13,11,3,6,2,2,15,9,EPL,1.09072,1.08462,3.0,8.0,13.454545454545457,11.0,4.44,3.78,1.85,2018/2019
2019-04-20,Man City,Tottenham,1,0,1,0,H,15,10,4,4,4,4,11,11,EPL,2.06185,1.19894,12.0,4.0,6.264705882352941,16.142857142857142,1.29,6.17,11.08,2018/2019
2019-04-20,Newcastle,Southampton,3,1,2,0,H,15,15,6,3,4,11,5,11,EPL,1.23033,1.27102,3.0,8.0,11.421052631578949,5.071428571428571,2.54,3.13,3.16,2018/2019
2019-04-20,West Ham,Leicester,2,2,1,0,D,11,11,3,5,6,8,8,9,EPL,1.36558,0.8065,10.0,5.0,9.956521739130435,6.233333333333333,3.2,3.48,2.31,2018/2019
2019-04-20,Wolves,Brighton,0,0,0,0,D,22,5,5,0,14,1,0,8,EPL,2.60447,0.115051,7.0,0.0,27.166666666666668,20.625,1.77,3.48,5.76,2018/2019
2019-04-21,Arsenal,Crystal Palace,2,3,0,1,A,12,16,5,7,8,3,15,12,EPL,1.54245,2.56216,13.0,10.0,4.173913043478261,13.08695652173913,1.54,4.47,6.43,2018/2019
2019-04-21,Cardiff,Liverpool,0,2,0,0,A,7,17,2,6,5,10,6,5,EPL,1.1187,2.42404,0.0,13.0,29.416666666666668,3.65,15.99,7.14,1.2,2018/2019
2019-04-21,Everton,Man United,4,0,2,0,H,15,7,8,1,10,2,11,7,EPL,1.5204,0.305982,1.0,5.0,16.6,24.11111111111111,3.24,3.46,2.3,2018/2019
2019-04-22,Chelsea,Burnley,2,2,2,2,D,22,6,9,3,10,1,9,4,EPL,1.28197,0.788788,20.0,3.0,5.5,21.6875,1.25,6.16,13.68,2018/2019
2019-04-23,Tottenham,Brighton,1,0,0,0,H,29,6,5,1,6,3,7,13,EPL,1.0032,0.143138,11.0,1.0,6.0,24.3,1.28,5.72,12.41,2018/2019
2019-04-23,Watford,Southampton,1,1,0,1,D,15,8,4,4,3,4,10,14,EPL,1.27253,2.11999,11.0,2.0,6.958333333333333,10.0625,2.26,3.47,3.34,2018/2019
2019-04-24,Man United,Man City,0,2,0,0,A,12,8,1,5,1,1,10,10,EPL,0.514509,0.530481,5.0,14.0,19.772727272727277,8.961538461538462,7.11,4.84,1.47,2018/2019
2019-04-24,Wolves,Arsenal,3,1,3,0,H,11,11,3,1,5,5,12,9,EPL,0.982018,0.939754,5.0,8.0,18.894736842105264,13.181818181818182,2.93,3.44,2.52,2018/2019
2019-04-26,Liverpool,Huddersfield,5,0,3,0,H,21,5,7,1,4,4,5,14,EPL,3.58922,0.1624,13.0,2.0,7.333333333333333,21.65217391304348,1.07,14.25,39.74,2018/2019
2019-04-27,Brighton,Newcastle,1,1,0,1,D,9,9,2,1,7,4,7,10,EPL,1.20482,0.43797,6.0,5.0,23.0,15.294117647058824,2.3,3.17,3.58,2018/2019
2019-04-27,Crystal Palace,Everton,0,0,0,0,D,8,22,0,3,5,10,9,15,EPL,0.261344,1.15217,5.0,8.0,12.727272727272728,4.892857142857143,2.61,3.41,2.83,2018/2019
2019-04-27,Fulham,Cardiff,1,0,0,0,H,8,13,2,8,10,3,10,8,EPL,0.519072,1.11322,6.0,3.0,3.875,15.428571428571429,2.38,3.63,3.01,2018/2019
2019-04-27,Southampton,Bournemouth,3,3,1,2,D,22,9,7,5,9,3,8,9,EPL,2.73537,2.62214,9.0,4.0,7.8,12.5,1.89,3.82,4.18,2018/2019
2019-04-27,Tottenham,West Ham,0,1,0,0,A,14,16,4,7,2,7,3,8,EPL,1.35378,0.991558,9.0,2.0,13.538461538461538,13.142857142857142,1.43,5.17,7.35,2018/2019
2019-04-27,Watford,Wolves,1,2,0,1,A,10,11,1,4,4,5,10,11,EPL,0.896093,2.44357,3.0,7.0,11.529411764705882,13.434782608695652,2.64,3.27,2.88,2018/2019
2019-04-28,Burnley,Man City,0,1,0,0,A,2,25,0,7,0,6,5,7,EPL,0.0899809,2.34878,4.0,10.0,20.125,7.357142857142857,21.6,8.84,1.14,2018/2019
2019-04-28,Leicester,Arsenal,3,0,0,0,H,24,6,12,1,8,6,13,13,EPL,3.6797,0.600697,8.0,4.0,5.96,21.9375,2.7,3.64,2.58,2018/2019
2019-04-28,Man United,Chelsea,1,1,1,1,D,7,16,5,3,6,6,9,14,EPL,1.12483,1.6298,6.0,9.0,11.555555555555555,10.041666666666666,2.67,3.46,2.73,2018/2019
2019-05-03,Everton,Burnley,2,0,2,0,H,20,5,6,1,8,1,8,9,EPL,1.76461,0.473292,7.0,3.0,7.384615384615385,13.5,1.68,3.95,5.68,2018/2019
2019-05-04,Bournemouth,Tottenham,1,0,0,0,H,20,11,6,5,10,6,11,12,EPL,2.22622,0.713362,11.0,3.0,9.863636363636363,10.2,4.06,3.88,1.9,2018/2019
2019-05-04,Cardiff,Crystal Palace,2,3,1,2,A,18,21,8,7,10,5,14,11,EPL,1.4996,1.80991,8.0,15.0,6.944444444444445,7.5,2.59,3.7,2.68,2018/2019
2019-05-04,Newcastle,Liverpool,2,3,1,2,A,14,11,7,4,2,3,10,4,EPL,1.29707,1.48081,4.0,9.0,21.7,13.545454545454543,10.1,5.07,1.35,2018/2019
2019-05-04,West Ham,Southampton,3,0,1,0,H,17,11,6,1,2,7,2,11,EPL,1.99866,0.443686,4.0,11.0,18.5,8.935483870967742,2.31,3.69,3.08,2018/2019
2019-05-04,Wolves,Fulham,1,0,0,0,H,19,6,6,2,7,1,10,15,EPL,2.09397,0.512477,7.0,2.0,18.25,8.363636363636363,1.55,4.12,7.05,2018/2019
2019-05-05,Arsenal,Brighton,1,1,1,0,D,20,11,8,5,16,3,9,14,EPL,2.36178,1.90585,14.0,8.0,6.25,14.157894736842104,1.41,4.78,8.62,2018/2019
2019-05-05,Chelsea,Watford,3,0,0,0,H,19,15,9,3,6,6,6,12,EPL,2.96478,1.2712,15.0,13.0,7.56,12.571428571428571,1.39,5.05,8.52,2018/2019
2019-05-05,Huddersfield,Man United,1,1,0,1,D,7,23,3,7,3,7,10,10,EPL,0.73663,1.88049,6.0,19.0,13.32,7.65,10.81,5.52,1.32,2018/2019
2019-05-06,Man City,Leicester,1,0,0,0,H,19,7,5,2,11,0,12,5,EPL,1.08617,0.537307,14.0,4.0,8.303030303030303,47.833333333333336,1.15,8.34,17.28,2018/2019
2019-05-12,Brighton,Man City,1,4,1,2,A,6,20,2,9,2,6,12,8,EPL,0.595313,2.22234,0.0,26.0,28.846153846153847,6.090909090909091,18.66,8.29,1.16,2018/2019
2019-05-12,Burnley,Arsenal,1,3,0,0,A,14,17,5,6,4,5,11,3,EPL,1.72939,2.87276,10.0,15.0,17.68421052631579,16.636363636363637,3.16,3.78,2.21,2018/2019
2019-05-12,Crystal Palace,Bournemouth,5,3,3,1,H,17,16,8,8,4,4,11,8,EPL,2.85899,1.8981,12.0,9.0,13.55,9.652173913043478,1.86,4.11,3.94,2018/2019
2019-05-12,Fulham,Newcastle,0,4,0,2,A,16,13,2,6,5,5,6,8,EPL,0.569845,1.95921,12.0,7.0,13.333333333333334,28.529411764705884,2.51,3.54,2.84,2018/2019
2019-05-12,Leicester,Chelsea,0,0,0,0,D,9,14,3,4,4,5,9,8,EPL,0.345306,1.26735,5.0,11.0,10.923076923076923,16.36842105263158,2.4,3.68,2.9,2018/2019
2019-05-12,Liverpool,Wolves,2,0,1,0,H,13,7,5,2,4,1,3,11,EPL,1.70197,0.883861,6.0,8.0,13.36842105263158,32.333333333333336,1.3,5.76,11.01,2018/2019
2019-05-12,Man United,Cardiff,0,2,0,1,A,26,13,10,4,11,2,9,6,EPL,1.89555,1.71095,13.0,2.0,3.695652173913044,23.666666666666668,1.27,6.4,10.55,2018/2019
2019-05-12,Southampton,Huddersfield,1,1,1,0,D,10,10,3,3,4,3,8,6,EPL,0.941018,0.857152,9.0,1.0,9.176470588235292,11.833333333333334,1.42,4.78,8.16,2018/2019
2019-05-12,Tottenham,Everton,2,2,1,0,D,11,17,3,9,7,4,10,13,EPL,0.882608,2.06851,5.0,7.0,14.61111111111111,14.625,2.12,3.54,3.58,2018/2019
2019-05-12,Watford,West Ham,1,4,0,2,A,17,16,8,9,7,2,10,10,EPL,2.06986,3.20094,7.0,6.0,12.727272727272728,10.347826086956522,2.21,3.76,3.19,2018/2019
